{"type":"FeatureCollection","features":[{"type":"Feature","properties":{"name":"Parcel boundary (10.031 ac)","desc":"To be conveyed by deed 2026-28755. 436,947 sq ft. Perimeter 2,785.22 ft.","style":"p1","folder":"1. Conveyed parcel (10.031 ac)"},"geometry":{"type":"Polygon","coordinates":[[[-70.2089194,44.001108],[-70.2089247,44.0011066],[-70.20893,44.0011053],[-70.2089353,44.0011039],[-70.2089406,44.0011026],[-70.2089459,44.0011013],[-70.2089513,44.0011],[-70.2089566,44.0010987],[-70.208962,44.0010974],[-70.2089673,44.0010961],[-70.2089727,44.0010949],[-70.208978,44.0010936],[-70.2089834,44.0010924],[-70.2089887,44.0010912],[-70.2089941,44.00109],[-70.2089995,44.0010888],[-70.2090049,44.0010876],[-70.2090103,44.0010864],[-70.2090157,44.0010852],[-70.2090211,44.0010841],[-70.2090265,44.0010829],[-70.2090319,44.0010818],[-70.2090373,44.0010807],[-70.2090427,44.0010796],[-70.2090482,44.0010785],[-70.2090536,44.0010774],[-70.209059,44.0010764],[-70.2090644,44.0010753],[-70.2090699,44.0010743],[-70.2090753,44.0010733],[-70.2090808,44.0010722],[-70.2090864,44.0010712],[-70.209092,44.0010702],[-70.2090976,44.0010691],[-70.2091032,44.0010681],[-70.2091088,44.0010671],[-70.2091144,44.001066],[-70.20912,44.001065],[-70.2091256,44.001064],[-70.2091312,44.0010629],[-70.2091368,44.0010619],[-70.2091424,44.0010609],[-70.209148,44.0010598],[-70.2091536,44.0010588],[-70.2091592,44.0010578],[-70.2091648,44.0010567],[-70.2091704,44.0010557],[-70.209176,44.0010547],[-70.2091816,44.0010536],[-70.2091872,44.0010526],[-70.2091928,44.0010515],[-70.2091984,44.0010505],[-70.209204,44.0010495],[-70.2092096,44.0010484],[-70.2092152,44.0010474],[-70.2092208,44.0010464],[-70.2092264,44.0010453],[-70.209232,44.0010443],[-70.2092377,44.0010433],[-70.2092433,44.0010422],[-70.2092488,44.0010412],[-70.2092545,44.0010402],[-70.20926,44.0010391],[-70.2092657,44.0010381],[-70.2092713,44.0010371],[-70.2092769,44.001036],[-70.2092825,44.001035],[-70.2092881,44.0010339],[-70.2092937,44.0010329],[-70.2092993,44.0010319],[-70.2093049,44.0010308],[-70.2093105,44.0010298],[-70.2093161,44.0010288],[-70.2093217,44.0010277],[-70.2093273,44.0010267],[-70.2093329,44.0010257],[-70.2093385,44.0010246],[-70.2093441,44.0010236],[-70.2093497,44.0010226],[-70.2093553,44.0010215],[-70.2093609,44.0010205],[-70.2093665,44.0010194],[-70.2093721,44.0010184],[-70.2093777,44.0010174],[-70.2093833,44.0010163],[-70.2093889,44.0010153],[-70.2093945,44.0010143],[-70.2094001,44.0010132],[-70.2094057,44.0010122],[-70.2094112,44.0010112],[-70.2094167,44.0010102],[-70.2094221,44.0010091],[-70.2094276,44.0010081],[-70.2094331,44.0010071],[-70.2094386,44.0010061],[-70.209444,44.001005],[-70.2094495,44.001004],[-70.209455,44.001003],[-70.2094604,44.0010019],[-70.2094659,44.0010009],[-70.2094714,44.0009998],[-70.2094769,44.0009988],[-70.2094823,44.0009977],[-70.2094878,44.0009967],[-70.2094932,44.0009956],[-70.2094987,44.0009946],[-70.2095042,44.0009935],[-70.2095096,44.0009924],[-70.2095151,44.0009913],[-70.2095206,44.0009903],[-70.209526,44.0009892],[-70.2095315,44.0009881],[-70.2095369,44.000987],[-70.2095424,44.000986],[-70.2095478,44.0009849],[-70.2095533,44.0009838],[-70.2095587,44.0009827],[-70.2095642,44.0009816],[-70.2095696,44.0009805],[-70.2095751,44.0009794],[-70.2095805,44.0009783],[-70.209586,44.0009772],[-70.2095914,44.0009761],[-70.2095969,44.0009749],[-70.2096023,44.0009738],[-70.2096078,44.0009727],[-70.2096132,44.0009716],[-70.2096186,44.0009705],[-70.2096241,44.0009693],[-70.2096295,44.0009682],[-70.2096349,44.0009671],[-70.2096404,44.0009659],[-70.2096458,44.0009648],[-70.2096512,44.0009637],[-70.2096567,44.0009625],[-70.2096621,44.0009614],[-70.2096675,44.0009602],[-70.209673,44.0009591],[-70.2096784,44.0009579],[-70.2096838,44.0009568],[-70.2096892,44.0009556],[-70.2096947,44.0009544],[-70.2097001,44.0009533],[-70.2097055,44.0009521],[-70.2097109,44.0009509],[-70.2097163,44.0009497],[-70.2097217,44.0009485],[-70.2097272,44.0009474],[-70.2097326,44.0009462],[-70.209738,44.000945],[-70.2097434,44.0009438],[-70.2097488,44.0009426],[-70.2097542,44.0009414],[-70.2097596,44.0009402],[-70.209765,44.000939],[-70.2097704,44.0009378],[-70.2097758,44.0009366],[-70.2097813,44.0009354],[-70.2097866,44.0009342],[-70.2097921,44.000933],[-70.2097974,44.0009317],[-70.2098029,44.0009305],[-70.2098082,44.0009293],[-70.2098136,44.0009281],[-70.209819,44.0009268],[-70.2098244,44.0009256],[-70.2098298,44.0009244],[-70.2098352,44.0009231],[-70.2098406,44.0009219],[-70.209846,44.0009206],[-70.2098514,44.0009194],[-70.2098568,44.0009181],[-70.2098621,44.0009169],[-70.2098675,44.0009156],[-70.2098729,44.0009144],[-70.2098783,44.0009131],[-70.2098837,44.0009118],[-70.2098891,44.0009106],[-70.2098944,44.0009093],[-70.2098998,44.000908],[-70.2099052,44.0009067],[-70.2099106,44.0009055],[-70.2099159,44.0009042],[-70.2099213,44.0009029],[-70.2099267,44.0009016],[-70.209932,44.0009003],[-70.2099374,44.000899],[-70.2099427,44.0008977],[-70.2099481,44.0008964],[-70.2099535,44.0008951],[-70.2099588,44.0008938],[-70.2099642,44.0008925],[-70.2099696,44.0008912],[-70.2099749,44.0008899],[-70.2099803,44.0008886],[-70.2099856,44.0008872],[-70.209991,44.0008859],[-70.2099963,44.0008846],[-70.2100017,44.0008833],[-70.210007,44.0008819],[-70.2100124,44.0008806],[-70.2100177,44.0008793],[-70.2100231,44.0008779],[-70.2100284,44.0008766],[-70.2100337,44.0008752],[-70.2100391,44.0008739],[-70.2100444,44.0008725],[-70.2100498,44.0008712],[-70.2100551,44.0008698],[-70.2100604,44.0008685],[-70.2100658,44.0008671],[-70.2100711,44.0008658],[-70.2100764,44.0008644],[-70.2100818,44.000863],[-70.2100872,44.0008616],[-70.2100925,44.0008602],[-70.2100979,44.0008589],[-70.2101033,44.0008575],[-70.2101087,44.0008561],[-70.2101141,44.0008547],[-70.2101195,44.0008533],[-70.2101249,44.0008519],[-70.2101303,44.0008505],[-70.2101357,44.0008491],[-70.2101411,44.0008477],[-70.2101465,44.0008464],[-70.2101519,44.000845],[-70.2101573,44.0008436],[-70.2101627,44.0008422],[-70.210168,44.0008408],[-70.2101734,44.0008394],[-70.2101788,44.000838],[-70.2101842,44.0008366],[-70.2101896,44.0008352],[-70.210195,44.0008338],[-70.2102004,44.0008325],[-70.2102058,44.0008311],[-70.2102112,44.0008297],[-70.2102166,44.0008283],[-70.210222,44.0008269],[-70.2102274,44.0008255],[-70.2102328,44.0008241],[-70.2102382,44.0008227],[-70.2102436,44.0008214],[-70.2102489,44.00082],[-70.2102543,44.0008186],[-70.2102597,44.0008172],[-70.2102651,44.0008158],[-70.2102705,44.0008144],[-70.2102759,44.000813],[-70.2102813,44.0008116],[-70.2102867,44.0008103],[-70.2102921,44.0008089],[-70.2102975,44.0008075],[-70.2103029,44.0008061],[-70.2103083,44.0008047],[-70.2103137,44.0008033],[-70.2103191,44.0008019],[-70.2103245,44.0008005],[-70.2103298,44.0007991],[-70.2103352,44.0007977],[-70.2103406,44.0007964],[-70.210346,44.000795],[-70.2103514,44.0007936],[-70.2103568,44.0007922],[-70.2103622,44.0007908],[-70.2103676,44.0007894],[-70.210373,44.000788],[-70.2103784,44.0007866],[-70.2103838,44.0007852],[-70.2103892,44.0007839],[-70.2103946,44.0007825],[-70.2104,44.0007811],[-70.2104054,44.0007797],[-70.2104107,44.0007783],[-70.2104161,44.0007769],[-70.2104215,44.0007755],[-70.2104269,44.0007741],[-70.2104323,44.0007728],[-70.2104377,44.0007714],[-70.2104431,44.00077],[-70.2104485,44.0007686],[-70.2104539,44.0007672],[-70.2104593,44.0007658],[-70.2104647,44.0007644],[-70.2104701,44.000763],[-70.2104755,44.0007617],[-70.2104808,44.0007603],[-70.2104862,44.0007589],[-70.2104916,44.0007575],[-70.210497,44.0007561],[-70.2105024,44.0007547],[-70.2105078,44.0007533],[-70.2105132,44.0007519],[-70.2105186,44.0007505],[-70.210524,44.0007491],[-70.2105294,44.0007478],[-70.2105348,44.0007464],[-70.2105402,44.000745],[-70.2105456,44.0007436],[-70.210551,44.0007422],[-70.2105564,44.0007408],[-70.2105617,44.0007394],[-70.2105671,44.000738],[-70.2105725,44.0007367],[-70.2105779,44.0007353],[-70.2105833,44.0007339],[-70.2105887,44.0007325],[-70.2105941,44.0007311],[-70.2105995,44.0007297],[-70.2106049,44.0007283],[-70.2106103,44.0007269],[-70.2106157,44.0007255],[-70.2106211,44.0007242],[-70.2106265,44.0007228],[-70.2106319,44.0007214],[-70.2106373,44.00072],[-70.2106426,44.0007186],[-70.210648,44.0007172],[-70.2106534,44.0007158],[-70.2106588,44.0007144],[-70.2106642,44.0007131],[-70.2106696,44.0007117],[-70.210675,44.0007103],[-70.2106804,44.0007089],[-70.2106858,44.0007075],[-70.2106912,44.0007061],[-70.2106966,44.0007047],[-70.210702,44.0007033],[-70.2107074,44.0007019],[-70.2107127,44.0007005],[-70.2107182,44.0006992],[-70.2107235,44.0006978],[-70.2107289,44.0006964],[-70.2107343,44.000695],[-70.2107397,44.0006936],[-70.2107451,44.0006922],[-70.2107505,44.0006908],[-70.2107559,44.0006894],[-70.2107613,44.0006881],[-70.2107667,44.0006867],[-70.2107721,44.0006853],[-70.2107775,44.0006839],[-70.2107829,44.0006825],[-70.2107883,44.0006811],[-70.2107936,44.0006797],[-70.210799,44.0006783],[-70.2108044,44.0006769],[-70.2108098,44.0006756],[-70.2108152,44.0006742],[-70.2108206,44.0006728],[-70.210826,44.0006714],[-70.2108314,44.00067],[-70.2108368,44.0006686],[-70.2108422,44.0006672],[-70.2108476,44.0006658],[-70.210853,44.0006645],[-70.2108584,44.0006631],[-70.2108638,44.0006617],[-70.2108691,44.0006603],[-70.2108745,44.0006589],[-70.2108799,44.0006575],[-70.2108853,44.0006561],[-70.2108907,44.0006547],[-70.2108961,44.0006533],[-70.2109015,44.0006519],[-70.2109069,44.0006506],[-70.2109123,44.0006492],[-70.2109177,44.0006478],[-70.2109231,44.0006464],[-70.2109285,44.000645],[-70.2109339,44.0006436],[-70.2109393,44.0006422],[-70.2109447,44.0006408],[-70.21095,44.0006395],[-70.2109554,44.0006381],[-70.2109608,44.0006367],[-70.2109662,44.0006353],[-70.2109716,44.0006339],[-70.210977,44.0006325],[-70.2109824,44.0006311],[-70.2109878,44.0006297],[-70.2109932,44.0006283],[-70.2109986,44.000627],[-70.211004,44.0006256],[-70.2110094,44.0006242],[-70.2110148,44.0006228],[-70.2110202,44.0006214],[-70.2110256,44.00062],[-70.2110309,44.0006186],[-70.2110363,44.0006172],[-70.2110417,44.0006159],[-70.2110471,44.0006145],[-70.2110525,44.0006131],[-70.2110579,44.0006117],[-70.2110633,44.0006103],[-70.2110687,44.0006089],[-70.2110741,44.0006075],[-70.2110795,44.0006061],[-70.2110849,44.0006047],[-70.2110903,44.0006033],[-70.2110957,44.000602],[-70.211101,44.0006006],[-70.2111064,44.0005992],[-70.2111118,44.0005978],[-70.2111172,44.0005964],[-70.2111226,44.000595],[-70.211128,44.0005936],[-70.2111334,44.0005922],[-70.2111388,44.0005909],[-70.2111442,44.0005895],[-70.2111496,44.0005881],[-70.211155,44.0005867],[-70.2111604,44.0005853],[-70.2111657,44.0005839],[-70.2111711,44.0005826],[-70.2111765,44.0005813],[-70.2111819,44.00058],[-70.2111873,44.0005787],[-70.2111927,44.0005774],[-70.2111981,44.0005762],[-70.2112036,44.0005749],[-70.211209,44.0005737],[-70.2112145,44.0005726],[-70.2112199,44.0005714],[-70.2112254,44.0005703],[-70.2112309,44.0005691],[-70.2112364,44.0005681],[-70.2112419,44.000567],[-70.2112474,44.0005659],[-70.2112529,44.0005649],[-70.2112584,44.0005639],[-70.2112639,44.0005629],[-70.2112695,44.000562],[-70.211275,44.000561],[-70.2112805,44.0005601],[-70.2112861,44.0005592],[-70.2112917,44.0005583],[-70.2112972,44.0005575],[-70.2113028,44.0005567],[-70.2113084,44.0005558],[-70.211314,44.0005551],[-70.2113195,44.0005543],[-70.2113251,44.0005535],[-70.2113307,44.0005528],[-70.2113363,44.0005521],[-70.211342,44.0005514],[-70.2113476,44.0005508],[-70.2113532,44.0005502],[-70.2113588,44.0005495],[-70.2113645,44.000549],[-70.2113701,44.0005484],[-70.2113757,44.0005478],[-70.2113814,44.0005473],[-70.211387,44.0005468],[-70.2113927,44.0005463],[-70.2113983,44.0005459],[-70.211404,44.0005454],[-70.2114097,44.000545],[-70.2114153,44.0005447],[-70.211421,44.0005443],[-70.2114267,44.0005439],[-70.2114323,44.0005436],[-70.211438,44.0005433],[-70.2114437,44.000543],[-70.2114494,44.0005428],[-70.2114551,44.0005425],[-70.2114607,44.0005423],[-70.2114664,44.0005422],[-70.2114721,44.000542],[-70.2114778,44.0005418],[-70.2114835,44.0005417],[-70.2114892,44.0005416],[-70.2114949,44.0005415],[-70.2115006,44.0005415],[-70.2115062,44.0005415],[-70.2115119,44.0005415],[-70.2115176,44.0005415],[-70.2115233,44.0005415],[-70.211529,44.0005416],[-70.2115347,44.0005416],[-70.2115404,44.0005417],[-70.2115461,44.0005419],[-70.2115518,44.000542],[-70.2115575,44.0005422],[-70.2115631,44.0005424],[-70.2115688,44.0005426],[-70.2115745,44.0005428],[-70.2115802,44.0005431],[-70.2115859,44.0005434],[-70.2115915,44.0005437],[-70.2115972,44.000544],[-70.2116029,44.0005443],[-70.2116085,44.0005447],[-70.2116142,44.0005451],[-70.2116199,44.0005455],[-70.2116255,44.000546],[-70.2116312,44.0005464],[-70.2116368,44.0005469],[-70.2116425,44.0005474],[-70.2116481,44.0005479],[-70.2116538,44.0005485],[-70.2116594,44.000549],[-70.211665,44.0005496],[-70.2116707,44.0005503],[-70.2116763,44.0005509],[-70.2116819,44.0005515],[-70.2116875,44.0005522],[-70.2116931,44.0005529],[-70.2116987,44.0005537],[-70.2117043,44.0005544],[-70.2117099,44.0005552],[-70.2117155,44.000556],[-70.2117211,44.0005568],[-70.2117267,44.0005576],[-70.2117322,44.0005585],[-70.2117378,44.0005593],[-70.2117433,44.0005602],[-70.2117489,44.0005612],[-70.2117544,44.0005621],[-70.21176,44.0005631],[-70.2117655,44.0005641],[-70.211771,44.0005651],[-70.2117765,44.0005661],[-70.211782,44.0005672],[-70.2117875,44.0005682],[-70.211793,44.0005693],[-70.2117985,44.0005704],[-70.2118039,44.0005716],[-70.2118094,44.0005727],[-70.2118148,44.0005739],[-70.2118203,44.0005751],[-70.2118257,44.0005764],[-70.2118311,44.0005776],[-70.2118365,44.0005789],[-70.2118419,44.0005801],[-70.2118473,44.0005815],[-70.2118527,44.0005828],[-70.2118581,44.0005841],[-70.2118635,44.0005855],[-70.2118688,44.0005869],[-70.2118742,44.0005883],[-70.2118795,44.0005898],[-70.2118848,44.0005912],[-70.2118901,44.0005927],[-70.2118954,44.0005942],[-70.2119007,44.0005957],[-70.211906,44.0005972],[-70.2119112,44.0005988],[-70.2119165,44.0006004],[-70.2119217,44.000602],[-70.211927,44.0006036],[-70.2119322,44.0006053],[-70.2119374,44.0006069],[-70.2119426,44.0006086],[-70.2119478,44.0006103],[-70.2119529,44.000612],[-70.2119581,44.0006138],[-70.2119632,44.0006155],[-70.2119683,44.0006173],[-70.2119735,44.0006191],[-70.2119785,44.000621],[-70.2119836,44.0006228],[-70.2119887,44.0006247],[-70.2119938,44.0006266],[-70.2119988,44.0006285],[-70.2120038,44.0006304],[-70.2120088,44.0006323],[-70.2120138,44.0006343],[-70.2120188,44.0006363],[-70.2120238,44.0006383],[-70.2120287,44.0006403],[-70.2120337,44.0006424],[-70.2120386,44.0006444],[-70.2120435,44.0006465],[-70.2120484,44.0006486],[-70.2120533,44.0006507],[-70.2120581,44.0006529],[-70.212063,44.000655],[-70.2120678,44.0006572],[-70.2120726,44.0006594],[-70.2120774,44.0006616],[-70.2120822,44.0006638],[-70.2120869,44.0006661],[-70.2120917,44.0006684],[-70.2120964,44.0006707],[-70.2121011,44.000673],[-70.2121058,44.0006753],[-70.2121105,44.0006776],[-70.2121151,44.00068],[-70.2121198,44.0006824],[-70.2121244,44.0006848],[-70.212129,44.0006872],[-70.2121336,44.0006896],[-70.2121381,44.0006921],[-70.2121427,44.0006946],[-70.2121472,44.000697],[-70.2121517,44.0006996],[-70.2121562,44.0007021],[-70.2121607,44.0007046],[-70.2121651,44.0007072],[-70.2121695,44.0007098],[-70.212174,44.0007124],[-70.2121784,44.000715],[-70.2121827,44.0007176],[-70.2121871,44.0007203],[-70.2121914,44.0007229],[-70.2121957,44.0007256],[-70.2122,44.0007283],[-70.2122044,44.000731],[-70.2122087,44.0007337],[-70.212213,44.0007364],[-70.2122173,44.0007391],[-70.2122216,44.0007418],[-70.212226,44.0007445],[-70.2122303,44.0007472],[-70.2122346,44.0007499],[-70.2122389,44.0007526],[-70.2122432,44.0007553],[-70.2122476,44.000758],[-70.2122519,44.0007607],[-70.2122562,44.0007634],[-70.2122605,44.0007661],[-70.2122648,44.0007688],[-70.2122692,44.0007715],[-70.2122735,44.0007742],[-70.2122778,44.0007769],[-70.2122821,44.0007796],[-70.2122864,44.0007823],[-70.2122908,44.000785],[-70.2122951,44.0007877],[-70.2122994,44.0007904],[-70.2123037,44.0007931],[-70.2123081,44.0007958],[-70.2123124,44.0007985],[-70.2123167,44.0008012],[-70.212321,44.0008039],[-70.2123253,44.0008066],[-70.2123297,44.0008093],[-70.212334,44.000812],[-70.2123383,44.0008147],[-70.2123426,44.0008174],[-70.2123469,44.0008201],[-70.2123512,44.0008228],[-70.2123556,44.0008256],[-70.2123599,44.0008282],[-70.2123642,44.000831],[-70.2123685,44.0008336],[-70.2123728,44.0008364],[-70.2123772,44.0008391],[-70.2123815,44.0008417],[-70.2123858,44.0008445],[-70.2123901,44.0008472],[-70.2123945,44.0008499],[-70.2123988,44.0008526],[-70.2124031,44.0008553],[-70.2124074,44.000858],[-70.2124117,44.0008607],[-70.2124161,44.0008634],[-70.2124204,44.0008661],[-70.2124247,44.0008688],[-70.212429,44.0008715],[-70.2124333,44.0008742],[-70.2124377,44.0008769],[-70.212442,44.0008796],[-70.2124463,44.0008823],[-70.2124506,44.000885],[-70.2124549,44.0008877],[-70.2124593,44.0008904],[-70.2124636,44.0008931],[-70.2124679,44.0008958],[-70.2124722,44.0008985],[-70.2124766,44.0009012],[-70.2124809,44.0009039],[-70.2124852,44.0009066],[-70.2124895,44.0009093],[-70.2124938,44.000912],[-70.2124982,44.0009147],[-70.2125025,44.0009174],[-70.2125068,44.0009201],[-70.2125111,44.0009228],[-70.2125154,44.0009255],[-70.2125197,44.0009282],[-70.2125241,44.0009309],[-70.2125284,44.0009336],[-70.2125327,44.0009363],[-70.212537,44.000939],[-70.2125413,44.0009417],[-70.2125457,44.0009444],[-70.21255,44.0009471],[-70.2125543,44.0009498],[-70.2125586,44.0009525],[-70.212563,44.0009552],[-70.2125673,44.0009579],[-70.2125716,44.0009606],[-70.2125759,44.0009633],[-70.2125802,44.000966],[-70.2125846,44.0009687],[-70.2125889,44.0009714],[-70.2125932,44.0009741],[-70.2125975,44.0009768],[-70.2126018,44.0009795],[-70.2126062,44.0009822],[-70.2126105,44.0009849],[-70.2126148,44.0009876],[-70.2126191,44.0009903],[-70.2126234,44.000993],[-70.2126278,44.0009957],[-70.2126321,44.0009984],[-70.2126364,44.0010011],[-70.2126407,44.0010038],[-70.212645,44.0010065],[-70.2126494,44.0010092],[-70.2126537,44.0010119],[-70.212658,44.0010146],[-70.2126623,44.0010173],[-70.2126666,44.00102],[-70.2126709,44.0010227],[-70.2126752,44.0010253],[-70.2126795,44.001028],[-70.2126837,44.0010307],[-70.212688,44.0010334],[-70.2126923,44.001036],[-70.2126966,44.0010387],[-70.2127009,44.0010414],[-70.2127052,44.001044],[-70.2127095,44.0010467],[-70.2127138,44.0010494],[-70.2127181,44.001052],[-70.2127224,44.0010547],[-70.2127267,44.0010574],[-70.212731,44.00106],[-70.2127352,44.0010627],[-70.2127395,44.0010653],[-70.2127438,44.001068],[-70.2127482,44.0010707],[-70.2127525,44.0010733],[-70.2127568,44.001076],[-70.2127611,44.0010786],[-70.2127654,44.0010813],[-70.2127697,44.001084],[-70.212774,44.0010866],[-70.2127783,44.0010892],[-70.2127826,44.0010919],[-70.2127869,44.0010945],[-70.2127912,44.0010972],[-70.2127955,44.0010999],[-70.2127999,44.0011025],[-70.2128042,44.0011051],[-70.2128085,44.0011078],[-70.2128128,44.0011104],[-70.2128171,44.0011131],[-70.2128215,44.0011157],[-70.2128258,44.0011184],[-70.2128301,44.001121],[-70.2128344,44.0011236],[-70.2128388,44.0011263],[-70.2128431,44.0011289],[-70.2128474,44.0011315],[-70.2128517,44.0011342],[-70.2128561,44.0011368],[-70.2128604,44.0011395],[-70.2128647,44.0011421],[-70.212869,44.0011447],[-70.2128734,44.0011474],[-70.2128777,44.00115],[-70.2128821,44.0011526],[-70.2128864,44.0011552],[-70.2128907,44.0011579],[-70.2128951,44.0011605],[-70.2128994,44.0011631],[-70.2129037,44.0011657],[-70.2129081,44.0011684],[-70.2129124,44.001171],[-70.2129168,44.0011736],[-70.2129211,44.0011762],[-70.2129255,44.0011789],[-70.2129298,44.0011815],[-70.2129342,44.0011841],[-70.2129385,44.0011867],[-70.2129429,44.0011893],[-70.2129472,44.0011919],[-70.2129516,44.0011946],[-70.2129559,44.0011972],[-70.2129603,44.0011998],[-70.2129646,44.0012024],[-70.212969,44.001205],[-70.2129733,44.0012076],[-70.2129777,44.0012102],[-70.2129821,44.0012128],[-70.2129864,44.0012154],[-70.2129908,44.001218],[-70.2129952,44.0012207],[-70.2129995,44.0012233],[-70.2130039,44.0012259],[-70.2130083,44.0012285],[-70.2130126,44.0012311],[-70.213017,44.0012337],[-70.2130214,44.0012363],[-70.2130257,44.0012389],[-70.2130301,44.0012415],[-70.2130345,44.0012441],[-70.2130389,44.0012467],[-70.2130432,44.0012493],[-70.2130476,44.0012519],[-70.213052,44.0012544],[-70.2130564,44.001257],[-70.2130607,44.0012596],[-70.2130651,44.0012622],[-70.2130695,44.0012648],[-70.2130739,44.0012674],[-70.2130783,44.00127],[-70.2130827,44.0012726],[-70.213087,44.0012751],[-70.2130914,44.0012777],[-70.2130958,44.0012803],[-70.2131002,44.0012829],[-70.2131046,44.0012855],[-70.213109,44.0012881],[-70.2131134,44.0012907],[-70.2131178,44.0012932],[-70.2131222,44.0012958],[-70.2131266,44.0012984],[-70.213131,44.001301],[-70.2131277,44.0013044],[-70.2131245,44.0013078],[-70.2131212,44.0013111],[-70.213118,44.0013145],[-70.2131148,44.0013179],[-70.2131115,44.0013213],[-70.2131083,44.0013247],[-70.213105,44.0013281],[-70.2131018,44.0013315],[-70.2130985,44.0013349],[-70.2130953,44.0013383],[-70.2130921,44.0013417],[-70.2130888,44.0013451],[-70.2130856,44.0013485],[-70.2130823,44.0013519],[-70.2130791,44.0013553],[-70.2130759,44.0013587],[-70.2130726,44.0013621],[-70.2130694,44.0013655],[-70.2130661,44.0013689],[-70.2130629,44.0013723],[-70.2130597,44.0013757],[-70.2130564,44.0013791],[-70.2130532,44.0013825],[-70.2130499,44.0013859],[-70.2130467,44.0013893],[-70.2130435,44.0013926],[-70.2130402,44.001396],[-70.213037,44.0013995],[-70.2130337,44.0014028],[-70.2130305,44.0014062],[-70.2130272,44.0014096],[-70.213024,44.001413],[-70.2130208,44.0014164],[-70.2130175,44.0014198],[-70.2130143,44.0014232],[-70.2130111,44.0014266],[-70.2130078,44.00143],[-70.2130046,44.0014334],[-70.2130013,44.0014368],[-70.2129981,44.0014402],[-70.2129949,44.0014436],[-70.2129916,44.001447],[-70.2129884,44.0014504],[-70.2129851,44.0014538],[-70.2129819,44.0014572],[-70.2129786,44.0014606],[-70.2129754,44.001464],[-70.2129722,44.0014674],[-70.2129689,44.0014708],[-70.2129657,44.0014742],[-70.2129624,44.0014776],[-70.2129592,44.001481],[-70.212956,44.0014843],[-70.2129527,44.0014878],[-70.2129495,44.0014911],[-70.2129462,44.0014945],[-70.212943,44.0014979],[-70.2129398,44.0015013],[-70.2129365,44.0015047],[-70.2129333,44.0015081],[-70.21293,44.0015115],[-70.2129268,44.0015149],[-70.2129235,44.0015183],[-70.2129203,44.0015217],[-70.2129171,44.0015251],[-70.2129138,44.0015285],[-70.2129106,44.0015319],[-70.2129073,44.0015353],[-70.2129041,44.0015387],[-70.2129009,44.0015421],[-70.2128976,44.0015455],[-70.2128944,44.0015489],[-70.2128911,44.0015523],[-70.2128879,44.0015557],[-70.2128847,44.0015591],[-70.2128814,44.0015625],[-70.2128782,44.0015659],[-70.2128749,44.0015693],[-70.2128717,44.0015726],[-70.2128685,44.001576],[-70.2128652,44.0015794],[-70.212862,44.0015828],[-70.2128587,44.0015862],[-70.2128555,44.0015896],[-70.2128522,44.001593],[-70.212849,44.0015964],[-70.2128458,44.0015998],[-70.2128425,44.0016032],[-70.2128393,44.0016066],[-70.2128361,44.00161],[-70.2128328,44.0016134],[-70.2128296,44.0016168],[-70.2128263,44.0016202],[-70.2128231,44.0016236],[-70.2128198,44.001627],[-70.2128166,44.0016304],[-70.2128134,44.0016338],[-70.2128101,44.0016372],[-70.2128069,44.0016406],[-70.2128036,44.001644],[-70.2128004,44.0016474],[-70.2127972,44.0016508],[-70.2127939,44.0016542],[-70.2127907,44.0016575],[-70.2127874,44.001661],[-70.2127842,44.0016643],[-70.212781,44.0016677],[-70.2127777,44.0016711],[-70.2127745,44.0016745],[-70.2127712,44.0016779],[-70.212768,44.0016813],[-70.2127648,44.0016847],[-70.2127615,44.0016881],[-70.2127583,44.0016915],[-70.212755,44.0016949],[-70.2127518,44.0016983],[-70.2127486,44.0017017],[-70.2127453,44.0017051],[-70.2127421,44.0017085],[-70.2127388,44.0017119],[-70.2127356,44.0017153],[-70.2127323,44.0017187],[-70.2127291,44.0017221],[-70.2127259,44.0017255],[-70.2127226,44.0017289],[-70.2127194,44.0017323],[-70.2127161,44.0017357],[-70.2127129,44.0017391],[-70.2127097,44.0017425],[-70.2127064,44.0017458],[-70.2127032,44.0017492],[-70.2126999,44.0017526],[-70.2126967,44.001756],[-70.2126935,44.0017594],[-70.2126902,44.0017628],[-70.212687,44.0017662],[-70.2126837,44.0017696],[-70.2126805,44.001773],[-70.2126772,44.0017764],[-70.212674,44.0017798],[-70.2126708,44.0017832],[-70.2126675,44.0017866],[-70.2126643,44.00179],[-70.212661,44.0017934],[-70.2126578,44.0017968],[-70.2126546,44.0018002],[-70.2126513,44.0018036],[-70.2126481,44.001807],[-70.2126448,44.0018104],[-70.2126416,44.0018138],[-70.2126384,44.0018172],[-70.2126351,44.0018206],[-70.2126319,44.001824],[-70.2126286,44.0018273],[-70.2126254,44.0018308],[-70.2126222,44.0018342],[-70.2126189,44.0018375],[-70.2126157,44.0018409],[-70.2126124,44.0018443],[-70.2126092,44.0018477],[-70.2126059,44.0018511],[-70.2126027,44.0018545],[-70.2125995,44.0018579],[-70.2125962,44.0018613],[-70.212593,44.0018647],[-70.2125898,44.0018681],[-70.2125865,44.0018715],[-70.2125833,44.0018749],[-70.21258,44.0018783],[-70.2125768,44.0018817],[-70.2125736,44.0018851],[-70.2125703,44.0018885],[-70.2125671,44.0018919],[-70.2125638,44.0018953],[-70.2125606,44.0018987],[-70.2125573,44.0019021],[-70.2125541,44.0019055],[-70.2125509,44.0019089],[-70.2125476,44.0019123],[-70.2125444,44.0019157],[-70.2125411,44.001919],[-70.2125379,44.0019224],[-70.2125347,44.0019258],[-70.2125314,44.0019292],[-70.2125282,44.0019326],[-70.2125249,44.001936],[-70.2125217,44.0019394],[-70.2125185,44.0019428],[-70.2125152,44.0019462],[-70.212512,44.0019496],[-70.2125087,44.001953],[-70.2125055,44.0019564],[-70.2125023,44.0019598],[-70.212499,44.0019632],[-70.2124958,44.0019666],[-70.2124925,44.00197],[-70.2124893,44.0019734],[-70.212486,44.0019768],[-70.2124828,44.0019802],[-70.2124796,44.0019836],[-70.2124763,44.001987],[-70.2124731,44.0019904],[-70.2124698,44.0019938],[-70.2124666,44.0019972],[-70.2124634,44.0020005],[-70.2124601,44.002004],[-70.2124569,44.0020073],[-70.2124536,44.0020107],[-70.2124504,44.0020141],[-70.2124472,44.0020175],[-70.2124439,44.0020209],[-70.2124407,44.0020243],[-70.2124374,44.0020277],[-70.2124342,44.0020311],[-70.2124309,44.0020345],[-70.2124277,44.0020379],[-70.2124245,44.0020413],[-70.2124212,44.0020447],[-70.212418,44.0020481],[-70.2124147,44.0020515],[-70.2124115,44.0020549],[-70.2124083,44.0020583],[-70.212405,44.0020617],[-70.2124018,44.0020651],[-70.2123985,44.0020685],[-70.2123953,44.0020719],[-70.2123921,44.0020753],[-70.2123888,44.0020787],[-70.2123856,44.0020821],[-70.2123823,44.0020855],[-70.2123791,44.0020888],[-70.2123759,44.0020922],[-70.2123726,44.0020957],[-70.2123694,44.002099],[-70.2123661,44.0021024],[-70.2123629,44.0021058],[-70.2123596,44.0021092],[-70.2123564,44.0021126],[-70.2123532,44.002116],[-70.2123499,44.0021194],[-70.2123467,44.0021228],[-70.2123435,44.0021262],[-70.2123402,44.0021296],[-70.212337,44.002133],[-70.2123337,44.0021364],[-70.2123305,44.0021398],[-70.2123272,44.0021432],[-70.212324,44.0021466],[-70.2123208,44.00215],[-70.2123175,44.0021534],[-70.2123143,44.0021568],[-70.212311,44.0021602],[-70.2123078,44.0021636],[-70.2123046,44.002167],[-70.2123013,44.0021704],[-70.2122981,44.0021738],[-70.2122948,44.0021772],[-70.2122916,44.0021805],[-70.2122883,44.0021839],[-70.2122851,44.0021873],[-70.2122819,44.0021907],[-70.2122786,44.0021941],[-70.2122754,44.0021975],[-70.2122722,44.0022009],[-70.2122689,44.0022043],[-70.2122657,44.0022077],[-70.2122624,44.0022111],[-70.2122592,44.0022145],[-70.2122559,44.0022179],[-70.2122527,44.0022213],[-70.2122495,44.0022247],[-70.2122462,44.0022281],[-70.212243,44.0022315],[-70.2122397,44.0022349],[-70.2122365,44.0022383],[-70.2122333,44.0022417],[-70.21223,44.0022451],[-70.2122268,44.0022485],[-70.2122235,44.0022519],[-70.2122203,44.0022553],[-70.2122171,44.0022587],[-70.2122138,44.002262],[-70.2122106,44.0022655],[-70.2122073,44.0022689],[-70.2122041,44.0022722],[-70.2122009,44.0022756],[-70.2121976,44.002279],[-70.2121944,44.0022824],[-70.2121911,44.0022858],[-70.2121879,44.0022892],[-70.2121846,44.0022926],[-70.2121814,44.002296],[-70.2121782,44.0022994],[-70.2121749,44.0023028],[-70.2121717,44.0023062],[-70.2121684,44.0023096],[-70.2121652,44.002313],[-70.212162,44.0023164],[-70.2121587,44.0023198],[-70.2121555,44.0023232],[-70.2121522,44.0023266],[-70.212149,44.00233],[-70.2121458,44.0023334],[-70.2121425,44.0023368],[-70.2121393,44.0023402],[-70.212136,44.0023436],[-70.2121328,44.002347],[-70.2121296,44.0023504],[-70.2121263,44.0023537],[-70.2121231,44.0023571],[-70.2121198,44.0023605],[-70.2121166,44.0023639],[-70.2121133,44.0023673],[-70.2121101,44.0023707],[-70.2121069,44.0023741],[-70.2121036,44.0023775],[-70.2121004,44.0023809],[-70.2120972,44.0023843],[-70.2120939,44.0023877],[-70.2120907,44.0023911],[-70.2120874,44.0023945],[-70.2120842,44.0023979],[-70.2120809,44.0024013],[-70.2120777,44.0024047],[-70.2120745,44.0024081],[-70.2120712,44.0024115],[-70.212068,44.0024149],[-70.2120647,44.0024183],[-70.2120615,44.0024217],[-70.2120582,44.0024251],[-70.212055,44.0024285],[-70.2120518,44.0024319],[-70.2120485,44.0024352],[-70.2120453,44.0024387],[-70.212042,44.002442],[-70.2120388,44.0024454],[-70.2120356,44.0024488],[-70.2120323,44.0024522],[-70.2120291,44.0024556],[-70.2120259,44.002459],[-70.2120226,44.0024624],[-70.2120194,44.0024658],[-70.2120161,44.0024692],[-70.2120129,44.0024726],[-70.2120096,44.002476],[-70.2120064,44.0024794],[-70.2120032,44.0024828],[-70.2119999,44.0024862],[-70.2119967,44.0024896],[-70.2119934,44.002493],[-70.2119902,44.0024964],[-70.211987,44.0024998],[-70.2119837,44.0025032],[-70.2119805,44.0025066],[-70.2119772,44.00251],[-70.211974,44.0025134],[-70.2119708,44.0025168],[-70.2119675,44.0025202],[-70.2119643,44.0025235],[-70.211961,44.0025269],[-70.2119578,44.0025303],[-70.2119546,44.0025337],[-70.2119513,44.0025371],[-70.2119481,44.0025405],[-70.2119448,44.0025439],[-70.2119416,44.0025473],[-70.2119383,44.0025507],[-70.2119351,44.0025541],[-70.2119319,44.0025575],[-70.2119286,44.0025609],[-70.2119254,44.0025643],[-70.2119221,44.0025677],[-70.2119189,44.0025711],[-70.2119157,44.0025745],[-70.2119124,44.0025779],[-70.2119092,44.0025813],[-70.2119059,44.0025847],[-70.2119027,44.0025881],[-70.2118995,44.0025915],[-70.2118962,44.0025949],[-70.211893,44.0025983],[-70.2118897,44.0026017],[-70.2118865,44.0026051],[-70.2118832,44.0026084],[-70.21188,44.0026119],[-70.2118768,44.0026152],[-70.2118735,44.0026186],[-70.2118703,44.002622],[-70.211867,44.0026254],[-70.2118638,44.0026288],[-70.2118606,44.0026322],[-70.2118573,44.0026356],[-70.2118541,44.002639],[-70.2118508,44.0026424],[-70.2118476,44.0026458],[-70.2118444,44.0026492],[-70.2118411,44.0026526],[-70.2118365,44.0026502],[-70.2118319,44.0026477],[-70.2118273,44.0026453],[-70.2118227,44.0026429],[-70.2118181,44.0026404],[-70.2118135,44.002638],[-70.2118089,44.0026356],[-70.2118043,44.0026331],[-70.2117997,44.0026307],[-70.2117951,44.0026283],[-70.2117905,44.0026258],[-70.2117859,44.0026234],[-70.2117813,44.002621],[-70.2117767,44.0026186],[-70.2117721,44.0026161],[-70.2117675,44.0026137],[-70.2117629,44.0026113],[-70.2117583,44.0026088],[-70.2117537,44.0026064],[-70.2117491,44.002604],[-70.2117445,44.0026015],[-70.2117399,44.0025991],[-70.2117353,44.0025967],[-70.2117307,44.0025942],[-70.2117261,44.0025918],[-70.2117215,44.0025894],[-70.2117169,44.0025869],[-70.2117123,44.0025845],[-70.2117077,44.0025821],[-70.2117031,44.0025796],[-70.2116985,44.0025772],[-70.2116939,44.0025748],[-70.2116893,44.0025723],[-70.2116847,44.0025699],[-70.2116801,44.0025675],[-70.2116755,44.002565],[-70.2116709,44.0025626],[-70.2116663,44.0025602],[-70.2116617,44.0025577],[-70.2116571,44.0025553],[-70.2116525,44.0025529],[-70.2116479,44.0025504],[-70.2116433,44.002548],[-70.2116387,44.0025456],[-70.2116341,44.0025431],[-70.2116295,44.0025407],[-70.2116249,44.0025383],[-70.2116202,44.0025358],[-70.2116156,44.0025334],[-70.2116111,44.002531],[-70.2116065,44.0025286],[-70.2116018,44.0025261],[-70.2115972,44.0025237],[-70.2115926,44.0025213],[-70.211588,44.0025188],[-70.2115834,44.0025164],[-70.2115788,44.002514],[-70.2115742,44.0025115],[-70.2115696,44.0025091],[-70.211565,44.0025067],[-70.2115604,44.0025042],[-70.2115558,44.0025018],[-70.2115512,44.0024994],[-70.2115466,44.0024969],[-70.211542,44.0024945],[-70.2115374,44.0024921],[-70.2115328,44.0024896],[-70.2115282,44.0024872],[-70.2115236,44.0024848],[-70.211519,44.0024823],[-70.2115144,44.0024799],[-70.2115098,44.0024775],[-70.2115052,44.002475],[-70.2115006,44.0024726],[-70.211496,44.0024702],[-70.2114914,44.0024677],[-70.2114868,44.0024653],[-70.2114822,44.0024629],[-70.2114776,44.0024604],[-70.211473,44.002458],[-70.2114684,44.0024556],[-70.2114638,44.0024531],[-70.2114592,44.0024507],[-70.2114546,44.0024483],[-70.21145,44.0024458],[-70.2114454,44.0024434],[-70.2114408,44.002441],[-70.2114362,44.0024386],[-70.2114316,44.0024361],[-70.211427,44.0024337],[-70.2114224,44.0024313],[-70.2114178,44.0024288],[-70.2114132,44.0024264],[-70.2114086,44.002424],[-70.211404,44.0024215],[-70.2113994,44.0024191],[-70.2113948,44.0024167],[-70.2113902,44.0024142],[-70.2113856,44.0024118],[-70.211381,44.0024094],[-70.2113764,44.0024069],[-70.2113718,44.0024045],[-70.2113672,44.0024021],[-70.2113626,44.0023996],[-70.211358,44.0023972],[-70.2113534,44.0023948],[-70.2113488,44.0023923],[-70.2113442,44.0023899],[-70.2113396,44.0023875],[-70.211335,44.002385],[-70.2113304,44.0023826],[-70.2113258,44.0023802],[-70.2113212,44.0023777],[-70.2113166,44.0023753],[-70.211312,44.0023729],[-70.2113074,44.0023704],[-70.2113028,44.002368],[-70.2112982,44.0023656],[-70.2112936,44.0023631],[-70.211289,44.0023607],[-70.2112843,44.0023583],[-70.2112798,44.0023558],[-70.2112752,44.0023534],[-70.2112705,44.002351],[-70.2112659,44.0023486],[-70.2112614,44.0023461],[-70.2112568,44.0023437],[-70.2112521,44.0023413],[-70.2112475,44.0023388],[-70.2112429,44.0023364],[-70.2112383,44.002334],[-70.2112337,44.0023315],[-70.2112291,44.0023291],[-70.2112245,44.0023267],[-70.2112199,44.0023242],[-70.2112153,44.0023218],[-70.2112107,44.0023194],[-70.2112061,44.0023169],[-70.2112015,44.0023145],[-70.2111969,44.0023121],[-70.2111923,44.0023096],[-70.2111877,44.0023072],[-70.2111831,44.0023048],[-70.2111785,44.0023023],[-70.2111739,44.0022999],[-70.2111693,44.0022975],[-70.2111647,44.002295],[-70.2111601,44.0022926],[-70.2111555,44.0022902],[-70.2111509,44.0022877],[-70.2111463,44.0022853],[-70.2111417,44.0022829],[-70.2111371,44.0022804],[-70.2111325,44.002278],[-70.2111279,44.0022756],[-70.2111233,44.0022731],[-70.2111187,44.0022707],[-70.2111141,44.0022683],[-70.2111095,44.0022658],[-70.2111049,44.0022634],[-70.2111003,44.002261],[-70.2110957,44.0022585],[-70.2110911,44.0022561],[-70.2110865,44.0022537],[-70.2110819,44.0022513],[-70.2110773,44.0022488],[-70.2110727,44.0022464],[-70.2110681,44.002244],[-70.2110635,44.0022415],[-70.2110589,44.0022391],[-70.2110543,44.0022367],[-70.2110497,44.0022342],[-70.2110451,44.0022318],[-70.2110405,44.0022294],[-70.2110359,44.0022269],[-70.2110313,44.0022245],[-70.2110267,44.0022221],[-70.2110221,44.0022196],[-70.2110175,44.0022172],[-70.2110129,44.0022148],[-70.2110083,44.0022123],[-70.2110037,44.0022099],[-70.2109991,44.0022075],[-70.2109945,44.002205],[-70.2109899,44.0022026],[-70.2109853,44.0022002],[-70.2109807,44.0021977],[-70.2109761,44.0021953],[-70.2109715,44.0021929],[-70.2109669,44.0021904],[-70.2109623,44.002188],[-70.2109577,44.0021856],[-70.2109531,44.0021831],[-70.2109485,44.0021807],[-70.2109439,44.0021783],[-70.2109393,44.0021758],[-70.2109346,44.0021734],[-70.2109301,44.002171],[-70.2109255,44.0021685],[-70.2109208,44.0021661],[-70.2109162,44.0021637],[-70.2109116,44.0021613],[-70.2109071,44.0021588],[-70.2109025,44.0021564],[-70.2108978,44.002154],[-70.2108932,44.0021515],[-70.2108886,44.0021491],[-70.210884,44.0021467],[-70.2108794,44.0021442],[-70.2108748,44.0021418],[-70.2108702,44.0021394],[-70.2108656,44.0021369],[-70.210861,44.0021345],[-70.2108564,44.0021321],[-70.2108518,44.0021296],[-70.2108472,44.0021272],[-70.2108426,44.0021248],[-70.210838,44.0021223],[-70.2108334,44.0021199],[-70.2108288,44.0021175],[-70.2108242,44.002115],[-70.2108196,44.0021126],[-70.210815,44.0021102],[-70.2108104,44.0021077],[-70.2108058,44.0021053],[-70.2108012,44.0021029],[-70.2107966,44.0021004],[-70.210792,44.002098],[-70.2107874,44.0020956],[-70.2107828,44.0020931],[-70.2107782,44.0020907],[-70.2107736,44.0020883],[-70.210769,44.0020858],[-70.2107644,44.0020834],[-70.2107598,44.002081],[-70.2107552,44.0020785],[-70.2107506,44.0020761],[-70.210746,44.0020737],[-70.2107414,44.0020712],[-70.2107368,44.0020688],[-70.2107322,44.0020664],[-70.2107276,44.002064],[-70.210723,44.0020615],[-70.2107184,44.0020591],[-70.2107138,44.0020567],[-70.2107092,44.0020542],[-70.2107046,44.0020518],[-70.2107,44.0020494],[-70.2106954,44.0020469],[-70.2106908,44.0020445],[-70.2106862,44.0020421],[-70.2106816,44.0020396],[-70.210677,44.0020372],[-70.2106724,44.0020348],[-70.2106678,44.0020323],[-70.2106632,44.0020299],[-70.2106586,44.0020275],[-70.210654,44.002025],[-70.2106494,44.0020226],[-70.2106448,44.0020202],[-70.2106402,44.0020177],[-70.2106356,44.0020153],[-70.210631,44.0020129],[-70.2106264,44.0020104],[-70.2106218,44.002008],[-70.2106172,44.0020056],[-70.2106126,44.0020031],[-70.210608,44.0020007],[-70.2106034,44.0019983],[-70.2105988,44.0019958],[-70.2105942,44.0019934],[-70.2105896,44.001991],[-70.210585,44.0019885],[-70.2105804,44.0019861],[-70.2105758,44.0019837],[-70.2105712,44.0019812],[-70.2105665,44.0019788],[-70.2105619,44.0019764],[-70.2105574,44.0019739],[-70.2105528,44.0019715],[-70.2105481,44.0019691],[-70.2105435,44.0019666],[-70.2105389,44.0019642],[-70.2105343,44.0019618],[-70.2105297,44.0019593],[-70.2105251,44.0019569],[-70.2105205,44.0019545],[-70.2105159,44.001952],[-70.2105113,44.0019496],[-70.2105067,44.0019472],[-70.2105021,44.0019447],[-70.2104975,44.0019423],[-70.2104929,44.0019399],[-70.2104883,44.0019375],[-70.2104837,44.001935],[-70.2104791,44.0019326],[-70.2104745,44.0019302],[-70.2104699,44.0019277],[-70.2104653,44.0019253],[-70.2104607,44.0019229],[-70.2104561,44.0019204],[-70.2104515,44.001918],[-70.2104469,44.0019156],[-70.2104423,44.0019131],[-70.2104377,44.0019107],[-70.2104331,44.0019083],[-70.2104285,44.0019058],[-70.2104239,44.0019034],[-70.2104193,44.001901],[-70.2104147,44.0018985],[-70.2104101,44.0018961],[-70.2104055,44.0018937],[-70.2104009,44.0018912],[-70.2103963,44.0018888],[-70.2103917,44.0018864],[-70.2103871,44.0018839],[-70.2103825,44.0018815],[-70.2103779,44.0018791],[-70.2103733,44.0018766],[-70.2103687,44.0018742],[-70.2103641,44.0018718],[-70.2103595,44.0018693],[-70.2103549,44.0018669],[-70.2103503,44.0018645],[-70.2103457,44.001862],[-70.2103411,44.0018596],[-70.2103365,44.0018572],[-70.2103319,44.0018547],[-70.2103273,44.0018523],[-70.2103227,44.0018499],[-70.2103181,44.0018474],[-70.2103135,44.001845],[-70.2103089,44.0018426],[-70.2103043,44.0018402],[-70.2102997,44.0018377],[-70.2102951,44.0018353],[-70.2102905,44.0018329],[-70.2102859,44.0018304],[-70.2102813,44.001828],[-70.2102767,44.0018256],[-70.2102721,44.0018231],[-70.2102675,44.0018207],[-70.2102629,44.0018183],[-70.2102583,44.0018158],[-70.2102537,44.0018134],[-70.2102491,44.001811],[-70.2102445,44.0018085],[-70.2102399,44.0018061],[-70.2102353,44.0018037],[-70.2102307,44.0018012],[-70.2102261,44.0017988],[-70.2102215,44.0017964],[-70.2102169,44.0017939],[-70.2102123,44.0017915],[-70.2102077,44.0017891],[-70.2102031,44.0017866],[-70.2101984,44.0017842],[-70.2101938,44.0017818],[-70.2101892,44.0017793],[-70.2101847,44.0017769],[-70.2101801,44.0017745],[-70.2101754,44.001772],[-70.2101708,44.0017696],[-70.2101662,44.0017672],[-70.2101616,44.0017647],[-70.210157,44.0017623],[-70.2101524,44.0017599],[-70.2101478,44.0017574],[-70.2101432,44.001755],[-70.2101386,44.0017526],[-70.210134,44.0017501],[-70.2101294,44.0017477],[-70.2101248,44.0017453],[-70.2101202,44.0017429],[-70.2101156,44.0017404],[-70.210111,44.001738],[-70.2101064,44.0017356],[-70.2101018,44.0017331],[-70.2100972,44.0017307],[-70.2100926,44.0017283],[-70.210088,44.0017258],[-70.2100834,44.0017234],[-70.2100788,44.001721],[-70.2100742,44.0017185],[-70.2100696,44.0017161],[-70.210065,44.0017137],[-70.2100604,44.0017112],[-70.2100558,44.0017088],[-70.2100512,44.0017064],[-70.2100466,44.0017039],[-70.210042,44.0017015],[-70.2100374,44.0016991],[-70.2100328,44.0016966],[-70.2100282,44.0016942],[-70.2100236,44.0016918],[-70.210019,44.0016893],[-70.2100144,44.0016869],[-70.2100098,44.0016845],[-70.2100052,44.001682],[-70.2100006,44.0016796],[-70.209996,44.0016772],[-70.2099914,44.0016747],[-70.2099868,44.0016723],[-70.2099822,44.0016699],[-70.2099776,44.0016674],[-70.209973,44.001665],[-70.2099684,44.0016626],[-70.2099638,44.0016601],[-70.2099592,44.0016577],[-70.2099546,44.0016553],[-70.20995,44.0016528],[-70.2099454,44.0016504],[-70.2099408,44.001648],[-70.2099362,44.0016456],[-70.2099316,44.0016431],[-70.209927,44.0016407],[-70.2099224,44.0016383],[-70.2099178,44.0016358],[-70.2099132,44.0016334],[-70.2099086,44.001631],[-70.209904,44.0016285],[-70.2098994,44.0016261],[-70.2098948,44.0016237],[-70.2098902,44.0016212],[-70.2098856,44.0016188],[-70.209881,44.0016164],[-70.2098764,44.0016139],[-70.2098718,44.0016115],[-70.2098672,44.0016091],[-70.2098626,44.0016066],[-70.209858,44.0016042],[-70.2098534,44.0016018],[-70.2098488,44.0015993],[-70.2098442,44.0015969],[-70.2098396,44.0015945],[-70.209835,44.001592],[-70.2098304,44.0015896],[-70.2098257,44.0015872],[-70.2098211,44.0015847],[-70.2098165,44.0015823],[-70.209812,44.0015799],[-70.2098074,44.0015774],[-70.2098027,44.001575],[-70.2097981,44.0015726],[-70.2097936,44.0015701],[-70.2097889,44.0015677],[-70.2097843,44.0015653],[-70.2097797,44.0015628],[-70.2097751,44.0015604],[-70.2097705,44.001558],[-70.2097659,44.0015555],[-70.2097613,44.0015531],[-70.2097567,44.0015507],[-70.2097521,44.0015483],[-70.2097475,44.0015458],[-70.2097429,44.0015434],[-70.2097383,44.001541],[-70.2097337,44.0015385],[-70.2097291,44.0015361],[-70.2097245,44.0015337],[-70.2097199,44.0015312],[-70.2097153,44.0015288],[-70.2097107,44.0015264],[-70.2097061,44.0015239],[-70.2097015,44.0015215],[-70.2096969,44.0015191],[-70.2096923,44.0015166],[-70.2096877,44.0015142],[-70.2096831,44.0015118],[-70.2096785,44.0015093],[-70.2096739,44.0015069],[-70.2096693,44.0015045],[-70.2096647,44.001502],[-70.2096601,44.0014996],[-70.2096555,44.0014972],[-70.2096509,44.0014947],[-70.2096463,44.0014923],[-70.2096417,44.0014899],[-70.2096371,44.0014874],[-70.2096325,44.001485],[-70.2096279,44.0014826],[-70.2096233,44.0014801],[-70.2096187,44.0014777],[-70.2096141,44.0014753],[-70.2096095,44.0014728],[-70.2096049,44.0014704],[-70.2096003,44.001468],[-70.2095957,44.0014655],[-70.2095911,44.0014631],[-70.2095865,44.0014607],[-70.2095819,44.0014582],[-70.2095773,44.0014558],[-70.2095727,44.0014534],[-70.2095681,44.0014509],[-70.2095635,44.0014485],[-70.2095589,44.0014461],[-70.2095543,44.0014437],[-70.2095497,44.0014412],[-70.2095451,44.0014388],[-70.2095405,44.0014364],[-70.2095359,44.0014339],[-70.2095313,44.0014315],[-70.2095267,44.0014291],[-70.2095221,44.0014266],[-70.2095175,44.0014242],[-70.2095129,44.0014218],[-70.2095083,44.0014193],[-70.2095037,44.0014169],[-70.2094991,44.0014145],[-70.2094945,44.001412],[-70.2094899,44.0014096],[-70.2094853,44.0014072],[-70.2094807,44.0014047],[-70.2094761,44.0014023],[-70.2094715,44.0013999],[-70.2094669,44.0013974],[-70.2094623,44.001395],[-70.2094577,44.0013926],[-70.2094531,44.0013901],[-70.2094485,44.0013877],[-70.2094439,44.0013853],[-70.2094393,44.0013828],[-70.2094347,44.0013804],[-70.20943,44.001378],[-70.2094254,44.0013755],[-70.2094209,44.0013731],[-70.2094163,44.0013707],[-70.2094117,44.0013682],[-70.209407,44.0013658],[-70.2094024,44.0013634],[-70.2093978,44.0013609],[-70.2093932,44.0013585],[-70.2093886,44.0013561],[-70.209384,44.0013536],[-70.2093794,44.0013512],[-70.2093748,44.0013488],[-70.2093702,44.0013464],[-70.2093656,44.0013439],[-70.209361,44.0013415],[-70.2093564,44.0013391],[-70.2093518,44.0013366],[-70.2093472,44.0013342],[-70.2093426,44.0013318],[-70.209338,44.0013293],[-70.2093334,44.0013269],[-70.2093288,44.0013245],[-70.2093242,44.001322],[-70.2093196,44.0013196],[-70.209315,44.0013172],[-70.2093104,44.0013147],[-70.2093058,44.0013123],[-70.2093012,44.0013099],[-70.2092966,44.0013074],[-70.209292,44.001305],[-70.2092874,44.0013026],[-70.2092828,44.0013001],[-70.2092782,44.0012977],[-70.2092736,44.0012953],[-70.209269,44.0012928],[-70.2092644,44.0012904],[-70.2092598,44.001288],[-70.2092552,44.0012855],[-70.2092506,44.0012831],[-70.209246,44.0012807],[-70.2092414,44.0012782],[-70.2092368,44.0012758],[-70.2092322,44.0012734],[-70.2092276,44.0012709],[-70.209223,44.0012685],[-70.2092184,44.0012661],[-70.2092138,44.0012636],[-70.2092092,44.0012612],[-70.2092046,44.0012588],[-70.2092,44.0012563],[-70.2091954,44.0012539],[-70.2091908,44.0012515],[-70.2091862,44.001249],[-70.2091816,44.0012466],[-70.209177,44.0012442],[-70.2091724,44.0012418],[-70.2091678,44.0012393],[-70.2091632,44.0012369],[-70.2091586,44.0012345],[-70.209154,44.001232],[-70.2091494,44.0012296],[-70.2091448,44.0012272],[-70.2091402,44.0012247],[-70.2091356,44.0012223],[-70.209131,44.0012199],[-70.2091264,44.0012174],[-70.2091218,44.001215],[-70.2091172,44.0012126],[-70.2091126,44.0012101],[-70.209108,44.0012077],[-70.2091034,44.0012053],[-70.2090988,44.0012028],[-70.2090942,44.0012004],[-70.2090896,44.001198],[-70.209085,44.0011955],[-70.2090804,44.0011931],[-70.2090758,44.0011907],[-70.2090712,44.0011882],[-70.2090666,44.0011858],[-70.209062,44.0011834],[-70.2090574,44.0011809],[-70.2090528,44.0011785],[-70.2090482,44.0011761],[-70.2090436,44.0011736],[-70.2090389,44.0011712],[-70.2090343,44.0011688],[-70.2090297,44.0011663],[-70.2090252,44.0011639],[-70.2090206,44.0011615],[-70.2090159,44.001159],[-70.2090113,44.0011566],[-70.2090068,44.0011542],[-70.2090021,44.0011517],[-70.2089975,44.0011493],[-70.2089929,44.0011469],[-70.2089883,44.0011444],[-70.2089837,44.001142],[-70.2089791,44.0011396],[-70.2089745,44.0011372],[-70.2089699,44.0011347],[-70.2089653,44.0011323],[-70.2089607,44.0011299],[-70.2089561,44.0011274],[-70.2089515,44.001125],[-70.2089469,44.0011226],[-70.2089423,44.0011201],[-70.2089377,44.0011177],[-70.2089331,44.0011153],[-70.2089285,44.0011128],[-70.2089239,44.0011104],[-70.2089193,44.001108],[-70.2089194,44.001108]]]}},{"type":"Feature","properties":{"name":"Course 1","desc":"Curve right, R=475.00', arc 44.45', chord S 72\u00b059'02\" W 44.43'","style":"crs","folder":"Courses 1-9"},"geometry":{"type":"LineString","coordinates":[[-70.2089194,44.001108],[-70.2089247,44.0011066],[-70.20893,44.0011053],[-70.2089353,44.0011039],[-70.2089406,44.0011026],[-70.2089459,44.0011013],[-70.2089513,44.0011],[-70.2089566,44.0010987],[-70.208962,44.0010974],[-70.2089673,44.0010961],[-70.2089727,44.0010949],[-70.208978,44.0010936],[-70.2089834,44.0010924],[-70.2089887,44.0010912],[-70.2089941,44.00109],[-70.2089995,44.0010888],[-70.2090049,44.0010876],[-70.2090103,44.0010864],[-70.2090157,44.0010852],[-70.2090211,44.0010841],[-70.2090265,44.0010829],[-70.2090319,44.0010818],[-70.2090373,44.0010807],[-70.2090427,44.0010796],[-70.2090482,44.0010785],[-70.2090536,44.0010774],[-70.209059,44.0010764],[-70.2090644,44.0010753],[-70.2090699,44.0010743],[-70.2090753,44.0010733],[-70.2090808,44.0010722]]}},{"type":"Feature","properties":{"name":"Course 2","desc":"S 75\u00b039'53\" W  88.25'  (line-table L2)","style":"crs","folder":"Courses 1-9"},"geometry":{"type":"LineString","coordinates":[[-70.2090808,44.0010722],[-70.2090864,44.0010712],[-70.209092,44.0010702],[-70.2090976,44.0010691],[-70.2091032,44.0010681],[-70.2091088,44.0010671],[-70.2091144,44.001066],[-70.20912,44.001065],[-70.2091256,44.001064],[-70.2091312,44.0010629],[-70.2091368,44.0010619],[-70.2091424,44.0010609],[-70.209148,44.0010598],[-70.2091536,44.0010588],[-70.2091592,44.0010578],[-70.2091648,44.0010567],[-70.2091704,44.0010557],[-70.209176,44.0010547],[-70.2091816,44.0010536],[-70.2091872,44.0010526],[-70.2091928,44.0010515],[-70.2091984,44.0010505],[-70.209204,44.0010495],[-70.2092096,44.0010484],[-70.2092152,44.0010474],[-70.2092208,44.0010464],[-70.2092264,44.0010453],[-70.209232,44.0010443],[-70.2092377,44.0010433],[-70.2092433,44.0010422],[-70.2092488,44.0010412],[-70.2092545,44.0010402],[-70.20926,44.0010391],[-70.2092657,44.0010381],[-70.2092713,44.0010371],[-70.2092769,44.001036],[-70.2092825,44.001035],[-70.2092881,44.0010339],[-70.2092937,44.0010329],[-70.2092993,44.0010319],[-70.2093049,44.0010308],[-70.2093105,44.0010298],[-70.2093161,44.0010288],[-70.2093217,44.0010277],[-70.2093273,44.0010267],[-70.2093329,44.0010257],[-70.2093385,44.0010246],[-70.2093441,44.0010236],[-70.2093497,44.0010226],[-70.2093553,44.0010215],[-70.2093609,44.0010205],[-70.2093665,44.0010194],[-70.2093721,44.0010184],[-70.2093777,44.0010174],[-70.2093833,44.0010163],[-70.2093889,44.0010153],[-70.2093945,44.0010143],[-70.2094001,44.0010132],[-70.2094057,44.0010122]]}},{"type":"Feature","properties":{"name":"Course 3","desc":"Curve left, R=2025.00', arc 186.08', chord S 73\u00b001'56\" W 186.02'","style":"crs","folder":"Courses 1-9"},"geometry":{"type":"LineString","coordinates":[[-70.2094057,44.0010122],[-70.2094112,44.0010112],[-70.2094167,44.0010102],[-70.2094221,44.0010091],[-70.2094276,44.0010081],[-70.2094331,44.0010071],[-70.2094386,44.0010061],[-70.209444,44.001005],[-70.2094495,44.001004],[-70.209455,44.001003],[-70.2094604,44.0010019],[-70.2094659,44.0010009],[-70.2094714,44.0009998],[-70.2094769,44.0009988],[-70.2094823,44.0009977],[-70.2094878,44.0009967],[-70.2094932,44.0009956],[-70.2094987,44.0009946],[-70.2095042,44.0009935],[-70.2095096,44.0009924],[-70.2095151,44.0009913],[-70.2095206,44.0009903],[-70.209526,44.0009892],[-70.2095315,44.0009881],[-70.2095369,44.000987],[-70.2095424,44.000986],[-70.2095478,44.0009849],[-70.2095533,44.0009838],[-70.2095587,44.0009827],[-70.2095642,44.0009816],[-70.2095696,44.0009805],[-70.2095751,44.0009794],[-70.2095805,44.0009783],[-70.209586,44.0009772],[-70.2095914,44.0009761],[-70.2095969,44.0009749],[-70.2096023,44.0009738],[-70.2096078,44.0009727],[-70.2096132,44.0009716],[-70.2096186,44.0009705],[-70.2096241,44.0009693],[-70.2096295,44.0009682],[-70.2096349,44.0009671],[-70.2096404,44.0009659],[-70.2096458,44.0009648],[-70.2096512,44.0009637],[-70.2096567,44.0009625],[-70.2096621,44.0009614],[-70.2096675,44.0009602],[-70.209673,44.0009591],[-70.2096784,44.0009579],[-70.2096838,44.0009568],[-70.2096892,44.0009556],[-70.2096947,44.0009544],[-70.2097001,44.0009533],[-70.2097055,44.0009521],[-70.2097109,44.0009509],[-70.2097163,44.0009497],[-70.2097217,44.0009485],[-70.2097272,44.0009474],[-70.2097326,44.0009462],[-70.209738,44.000945],[-70.2097434,44.0009438],[-70.2097488,44.0009426],[-70.2097542,44.0009414],[-70.2097596,44.0009402],[-70.209765,44.000939],[-70.2097704,44.0009378],[-70.2097758,44.0009366],[-70.2097813,44.0009354],[-70.2097866,44.0009342],[-70.2097921,44.000933],[-70.2097974,44.0009317],[-70.2098029,44.0009305],[-70.2098082,44.0009293],[-70.2098136,44.0009281],[-70.209819,44.0009268],[-70.2098244,44.0009256],[-70.2098298,44.0009244],[-70.2098352,44.0009231],[-70.2098406,44.0009219],[-70.209846,44.0009206],[-70.2098514,44.0009194],[-70.2098568,44.0009181],[-70.2098621,44.0009169],[-70.2098675,44.0009156],[-70.2098729,44.0009144],[-70.2098783,44.0009131],[-70.2098837,44.0009118],[-70.2098891,44.0009106],[-70.2098944,44.0009093],[-70.2098998,44.000908],[-70.2099052,44.0009067],[-70.2099106,44.0009055],[-70.2099159,44.0009042],[-70.2099213,44.0009029],[-70.2099267,44.0009016],[-70.209932,44.0009003],[-70.2099374,44.000899],[-70.2099427,44.0008977],[-70.2099481,44.0008964],[-70.2099535,44.0008951],[-70.2099588,44.0008938],[-70.2099642,44.0008925],[-70.2099696,44.0008912],[-70.2099749,44.0008899],[-70.2099803,44.0008886],[-70.2099856,44.0008872],[-70.209991,44.0008859],[-70.2099963,44.0008846],[-70.2100017,44.0008833],[-70.210007,44.0008819],[-70.2100124,44.0008806],[-70.2100177,44.0008793],[-70.2100231,44.0008779],[-70.2100284,44.0008766],[-70.2100337,44.0008752],[-70.2100391,44.0008739],[-70.2100444,44.0008725],[-70.2100498,44.0008712],[-70.2100551,44.0008698],[-70.2100604,44.0008685],[-70.2100658,44.0008671],[-70.2100711,44.0008658],[-70.2100764,44.0008644],[-70.2100818,44.000863]]}},{"type":"Feature","properties":{"name":"Course 4","desc":"S 70\u00b023'59\" W  301.33'","style":"crs","folder":"Courses 1-9"},"geometry":{"type":"LineString","coordinates":[[-70.2100818,44.000863],[-70.2100872,44.0008616],[-70.2100925,44.0008602],[-70.2100979,44.0008589],[-70.2101033,44.0008575],[-70.2101087,44.0008561],[-70.2101141,44.0008547],[-70.2101195,44.0008533],[-70.2101249,44.0008519],[-70.2101303,44.0008505],[-70.2101357,44.0008491],[-70.2101411,44.0008477],[-70.2101465,44.0008464],[-70.2101519,44.000845],[-70.2101573,44.0008436],[-70.2101627,44.0008422],[-70.210168,44.0008408],[-70.2101734,44.0008394],[-70.2101788,44.000838],[-70.2101842,44.0008366],[-70.2101896,44.0008352],[-70.210195,44.0008338],[-70.2102004,44.0008325],[-70.2102058,44.0008311],[-70.2102112,44.0008297],[-70.2102166,44.0008283],[-70.210222,44.0008269],[-70.2102274,44.0008255],[-70.2102328,44.0008241],[-70.2102382,44.0008227],[-70.2102436,44.0008214],[-70.2102489,44.00082],[-70.2102543,44.0008186],[-70.2102597,44.0008172],[-70.2102651,44.0008158],[-70.2102705,44.0008144],[-70.2102759,44.000813],[-70.2102813,44.0008116],[-70.2102867,44.0008103],[-70.2102921,44.0008089],[-70.2102975,44.0008075],[-70.2103029,44.0008061],[-70.2103083,44.0008047],[-70.2103137,44.0008033],[-70.2103191,44.0008019],[-70.2103245,44.0008005],[-70.2103298,44.0007991],[-70.2103352,44.0007977],[-70.2103406,44.0007964],[-70.210346,44.000795],[-70.2103514,44.0007936],[-70.2103568,44.0007922],[-70.2103622,44.0007908],[-70.2103676,44.0007894],[-70.210373,44.000788],[-70.2103784,44.0007866],[-70.2103838,44.0007852],[-70.2103892,44.0007839],[-70.2103946,44.0007825],[-70.2104,44.0007811],[-70.2104054,44.0007797],[-70.2104107,44.0007783],[-70.2104161,44.0007769],[-70.2104215,44.0007755],[-70.2104269,44.0007741],[-70.2104323,44.0007728],[-70.2104377,44.0007714],[-70.2104431,44.00077],[-70.2104485,44.0007686],[-70.2104539,44.0007672],[-70.2104593,44.0007658],[-70.2104647,44.0007644],[-70.2104701,44.000763],[-70.2104755,44.0007617],[-70.2104808,44.0007603],[-70.2104862,44.0007589],[-70.2104916,44.0007575],[-70.210497,44.0007561],[-70.2105024,44.0007547],[-70.2105078,44.0007533],[-70.2105132,44.0007519],[-70.2105186,44.0007505],[-70.210524,44.0007491],[-70.2105294,44.0007478],[-70.2105348,44.0007464],[-70.2105402,44.000745],[-70.2105456,44.0007436],[-70.210551,44.0007422],[-70.2105564,44.0007408],[-70.2105617,44.0007394],[-70.2105671,44.000738],[-70.2105725,44.0007367],[-70.2105779,44.0007353],[-70.2105833,44.0007339],[-70.2105887,44.0007325],[-70.2105941,44.0007311],[-70.2105995,44.0007297],[-70.2106049,44.0007283],[-70.2106103,44.0007269],[-70.2106157,44.0007255],[-70.2106211,44.0007242],[-70.2106265,44.0007228],[-70.2106319,44.0007214],[-70.2106373,44.00072],[-70.2106426,44.0007186],[-70.210648,44.0007172],[-70.2106534,44.0007158],[-70.2106588,44.0007144],[-70.2106642,44.0007131],[-70.2106696,44.0007117],[-70.210675,44.0007103],[-70.2106804,44.0007089],[-70.2106858,44.0007075],[-70.2106912,44.0007061],[-70.2106966,44.0007047],[-70.210702,44.0007033],[-70.2107074,44.0007019],[-70.2107127,44.0007005],[-70.2107182,44.0006992],[-70.2107235,44.0006978],[-70.2107289,44.0006964],[-70.2107343,44.000695],[-70.2107397,44.0006936],[-70.2107451,44.0006922],[-70.2107505,44.0006908],[-70.2107559,44.0006894],[-70.2107613,44.0006881],[-70.2107667,44.0006867],[-70.2107721,44.0006853],[-70.2107775,44.0006839],[-70.2107829,44.0006825],[-70.2107883,44.0006811],[-70.2107936,44.0006797],[-70.210799,44.0006783],[-70.2108044,44.0006769],[-70.2108098,44.0006756],[-70.2108152,44.0006742],[-70.2108206,44.0006728],[-70.210826,44.0006714],[-70.2108314,44.00067],[-70.2108368,44.0006686],[-70.2108422,44.0006672],[-70.2108476,44.0006658],[-70.210853,44.0006645],[-70.2108584,44.0006631],[-70.2108638,44.0006617],[-70.2108691,44.0006603],[-70.2108745,44.0006589],[-70.2108799,44.0006575],[-70.2108853,44.0006561],[-70.2108907,44.0006547],[-70.2108961,44.0006533],[-70.2109015,44.0006519],[-70.2109069,44.0006506],[-70.2109123,44.0006492],[-70.2109177,44.0006478],[-70.2109231,44.0006464],[-70.2109285,44.000645],[-70.2109339,44.0006436],[-70.2109393,44.0006422],[-70.2109447,44.0006408],[-70.21095,44.0006395],[-70.2109554,44.0006381],[-70.2109608,44.0006367],[-70.2109662,44.0006353],[-70.2109716,44.0006339],[-70.210977,44.0006325],[-70.2109824,44.0006311],[-70.2109878,44.0006297],[-70.2109932,44.0006283],[-70.2109986,44.000627],[-70.211004,44.0006256],[-70.2110094,44.0006242],[-70.2110148,44.0006228],[-70.2110202,44.0006214],[-70.2110256,44.00062],[-70.2110309,44.0006186],[-70.2110363,44.0006172],[-70.2110417,44.0006159],[-70.2110471,44.0006145],[-70.2110525,44.0006131],[-70.2110579,44.0006117],[-70.2110633,44.0006103],[-70.2110687,44.0006089],[-70.2110741,44.0006075],[-70.2110795,44.0006061],[-70.2110849,44.0006047],[-70.2110903,44.0006033],[-70.2110957,44.000602],[-70.211101,44.0006006],[-70.2111064,44.0005992],[-70.2111118,44.0005978],[-70.2111172,44.0005964],[-70.2111226,44.000595],[-70.211128,44.0005936],[-70.2111334,44.0005922],[-70.2111388,44.0005909],[-70.2111442,44.0005895],[-70.2111496,44.0005881],[-70.211155,44.0005867],[-70.2111604,44.0005853]]}},{"type":"Feature","properties":{"name":"Course 5","desc":"Curve right, R=275.00', arc 290.52', chord N 79\u00b020'10\" W 277.19'","style":"crs","folder":"Courses 1-9"},"geometry":{"type":"LineString","coordinates":[[-70.2111604,44.0005853],[-70.2111657,44.0005839],[-70.2111711,44.0005826],[-70.2111765,44.0005813],[-70.2111819,44.00058],[-70.2111873,44.0005787],[-70.2111927,44.0005774],[-70.2111981,44.0005762],[-70.2112036,44.0005749],[-70.211209,44.0005737],[-70.2112145,44.0005726],[-70.2112199,44.0005714],[-70.2112254,44.0005703],[-70.2112309,44.0005691],[-70.2112364,44.0005681],[-70.2112419,44.000567],[-70.2112474,44.0005659],[-70.2112529,44.0005649],[-70.2112584,44.0005639],[-70.2112639,44.0005629],[-70.2112695,44.000562],[-70.211275,44.000561],[-70.2112805,44.0005601],[-70.2112861,44.0005592],[-70.2112917,44.0005583],[-70.2112972,44.0005575],[-70.2113028,44.0005567],[-70.2113084,44.0005558],[-70.211314,44.0005551],[-70.2113195,44.0005543],[-70.2113251,44.0005535],[-70.2113307,44.0005528],[-70.2113363,44.0005521],[-70.211342,44.0005514],[-70.2113476,44.0005508],[-70.2113532,44.0005502],[-70.2113588,44.0005495],[-70.2113645,44.000549],[-70.2113701,44.0005484],[-70.2113757,44.0005478],[-70.2113814,44.0005473],[-70.211387,44.0005468],[-70.2113927,44.0005463],[-70.2113983,44.0005459],[-70.211404,44.0005454],[-70.2114097,44.000545],[-70.2114153,44.0005447],[-70.211421,44.0005443],[-70.2114267,44.0005439],[-70.2114323,44.0005436],[-70.211438,44.0005433],[-70.2114437,44.000543],[-70.2114494,44.0005428],[-70.2114551,44.0005425],[-70.2114607,44.0005423],[-70.2114664,44.0005422],[-70.2114721,44.000542],[-70.2114778,44.0005418],[-70.2114835,44.0005417],[-70.2114892,44.0005416],[-70.2114949,44.0005415],[-70.2115006,44.0005415],[-70.2115062,44.0005415],[-70.2115119,44.0005415],[-70.2115176,44.0005415],[-70.2115233,44.0005415],[-70.211529,44.0005416],[-70.2115347,44.0005416],[-70.2115404,44.0005417],[-70.2115461,44.0005419],[-70.2115518,44.000542],[-70.2115575,44.0005422],[-70.2115631,44.0005424],[-70.2115688,44.0005426],[-70.2115745,44.0005428],[-70.2115802,44.0005431],[-70.2115859,44.0005434],[-70.2115915,44.0005437],[-70.2115972,44.000544],[-70.2116029,44.0005443],[-70.2116085,44.0005447],[-70.2116142,44.0005451],[-70.2116199,44.0005455],[-70.2116255,44.000546],[-70.2116312,44.0005464],[-70.2116368,44.0005469],[-70.2116425,44.0005474],[-70.2116481,44.0005479],[-70.2116538,44.0005485],[-70.2116594,44.000549],[-70.211665,44.0005496],[-70.2116707,44.0005503],[-70.2116763,44.0005509],[-70.2116819,44.0005515],[-70.2116875,44.0005522],[-70.2116931,44.0005529],[-70.2116987,44.0005537],[-70.2117043,44.0005544],[-70.2117099,44.0005552],[-70.2117155,44.000556],[-70.2117211,44.0005568],[-70.2117267,44.0005576],[-70.2117322,44.0005585],[-70.2117378,44.0005593],[-70.2117433,44.0005602],[-70.2117489,44.0005612],[-70.2117544,44.0005621],[-70.21176,44.0005631],[-70.2117655,44.0005641],[-70.211771,44.0005651],[-70.2117765,44.0005661],[-70.211782,44.0005672],[-70.2117875,44.0005682],[-70.211793,44.0005693],[-70.2117985,44.0005704],[-70.2118039,44.0005716],[-70.2118094,44.0005727],[-70.2118148,44.0005739],[-70.2118203,44.0005751],[-70.2118257,44.0005764],[-70.2118311,44.0005776],[-70.2118365,44.0005789],[-70.2118419,44.0005801],[-70.2118473,44.0005815],[-70.2118527,44.0005828],[-70.2118581,44.0005841],[-70.2118635,44.0005855],[-70.2118688,44.0005869],[-70.2118742,44.0005883],[-70.2118795,44.0005898],[-70.2118848,44.0005912],[-70.2118901,44.0005927],[-70.2118954,44.0005942],[-70.2119007,44.0005957],[-70.211906,44.0005972],[-70.2119112,44.0005988],[-70.2119165,44.0006004],[-70.2119217,44.000602],[-70.211927,44.0006036],[-70.2119322,44.0006053],[-70.2119374,44.0006069],[-70.2119426,44.0006086],[-70.2119478,44.0006103],[-70.2119529,44.000612],[-70.2119581,44.0006138],[-70.2119632,44.0006155],[-70.2119683,44.0006173],[-70.2119735,44.0006191],[-70.2119785,44.000621],[-70.2119836,44.0006228],[-70.2119887,44.0006247],[-70.2119938,44.0006266],[-70.2119988,44.0006285],[-70.2120038,44.0006304],[-70.2120088,44.0006323],[-70.2120138,44.0006343],[-70.2120188,44.0006363],[-70.2120238,44.0006383],[-70.2120287,44.0006403],[-70.2120337,44.0006424],[-70.2120386,44.0006444],[-70.2120435,44.0006465],[-70.2120484,44.0006486],[-70.2120533,44.0006507],[-70.2120581,44.0006529],[-70.212063,44.000655],[-70.2120678,44.0006572],[-70.2120726,44.0006594],[-70.2120774,44.0006616],[-70.2120822,44.0006638],[-70.2120869,44.0006661],[-70.2120917,44.0006684],[-70.2120964,44.0006707],[-70.2121011,44.000673],[-70.2121058,44.0006753],[-70.2121105,44.0006776],[-70.2121151,44.00068],[-70.2121198,44.0006824],[-70.2121244,44.0006848],[-70.212129,44.0006872],[-70.2121336,44.0006896],[-70.2121381,44.0006921],[-70.2121427,44.0006946],[-70.2121472,44.000697],[-70.2121517,44.0006996],[-70.2121562,44.0007021],[-70.2121607,44.0007046],[-70.2121651,44.0007072],[-70.2121695,44.0007098],[-70.212174,44.0007124],[-70.2121784,44.000715],[-70.2121827,44.0007176],[-70.2121871,44.0007203],[-70.2121914,44.0007229],[-70.2121957,44.0007256]]}},{"type":"Feature","properties":{"name":"Course 6","desc":"N 49\u00b004'18\" W  162.43'","style":"crs","folder":"Courses 1-9"},"geometry":{"type":"LineString","coordinates":[[-70.2121957,44.0007256],[-70.2122,44.0007283],[-70.2122044,44.000731],[-70.2122087,44.0007337],[-70.212213,44.0007364],[-70.2122173,44.0007391],[-70.2122216,44.0007418],[-70.212226,44.0007445],[-70.2122303,44.0007472],[-70.2122346,44.0007499],[-70.2122389,44.0007526],[-70.2122432,44.0007553],[-70.2122476,44.000758],[-70.2122519,44.0007607],[-70.2122562,44.0007634],[-70.2122605,44.0007661],[-70.2122648,44.0007688],[-70.2122692,44.0007715],[-70.2122735,44.0007742],[-70.2122778,44.0007769],[-70.2122821,44.0007796],[-70.2122864,44.0007823],[-70.2122908,44.000785],[-70.2122951,44.0007877],[-70.2122994,44.0007904],[-70.2123037,44.0007931],[-70.2123081,44.0007958],[-70.2123124,44.0007985],[-70.2123167,44.0008012],[-70.212321,44.0008039],[-70.2123253,44.0008066],[-70.2123297,44.0008093],[-70.212334,44.000812],[-70.2123383,44.0008147],[-70.2123426,44.0008174],[-70.2123469,44.0008201],[-70.2123512,44.0008228],[-70.2123556,44.0008256],[-70.2123599,44.0008282],[-70.2123642,44.000831],[-70.2123685,44.0008336],[-70.2123728,44.0008364],[-70.2123772,44.0008391],[-70.2123815,44.0008417],[-70.2123858,44.0008445],[-70.2123901,44.0008472],[-70.2123945,44.0008499],[-70.2123988,44.0008526],[-70.2124031,44.0008553],[-70.2124074,44.000858],[-70.2124117,44.0008607],[-70.2124161,44.0008634],[-70.2124204,44.0008661],[-70.2124247,44.0008688],[-70.212429,44.0008715],[-70.2124333,44.0008742],[-70.2124377,44.0008769],[-70.212442,44.0008796],[-70.2124463,44.0008823],[-70.2124506,44.000885],[-70.2124549,44.0008877],[-70.2124593,44.0008904],[-70.2124636,44.0008931],[-70.2124679,44.0008958],[-70.2124722,44.0008985],[-70.2124766,44.0009012],[-70.2124809,44.0009039],[-70.2124852,44.0009066],[-70.2124895,44.0009093],[-70.2124938,44.000912],[-70.2124982,44.0009147],[-70.2125025,44.0009174],[-70.2125068,44.0009201],[-70.2125111,44.0009228],[-70.2125154,44.0009255],[-70.2125197,44.0009282],[-70.2125241,44.0009309],[-70.2125284,44.0009336],[-70.2125327,44.0009363],[-70.212537,44.000939],[-70.2125413,44.0009417],[-70.2125457,44.0009444],[-70.21255,44.0009471],[-70.2125543,44.0009498],[-70.2125586,44.0009525],[-70.212563,44.0009552],[-70.2125673,44.0009579],[-70.2125716,44.0009606],[-70.2125759,44.0009633],[-70.2125802,44.000966],[-70.2125846,44.0009687],[-70.2125889,44.0009714],[-70.2125932,44.0009741],[-70.2125975,44.0009768],[-70.2126018,44.0009795],[-70.2126062,44.0009822],[-70.2126105,44.0009849],[-70.2126148,44.0009876],[-70.2126191,44.0009903],[-70.2126234,44.000993],[-70.2126278,44.0009957],[-70.2126321,44.0009984],[-70.2126364,44.0010011],[-70.2126407,44.0010038],[-70.212645,44.0010065],[-70.2126494,44.0010092],[-70.2126537,44.0010119],[-70.212658,44.0010146],[-70.2126623,44.0010173]]}},{"type":"Feature","properties":{"name":"Course 7","desc":"Curve LEFT, R=5025.00', arc 160.93', chord N 49\u00b059'21\" W 160.92'. The deed prints \"right\"; the chord bearing and the plan's next road line (S 50\u00b054'24\" E) both prove left.","style":"crs","folder":"Courses 1-9"},"geometry":{"type":"LineString","coordinates":[[-70.2126623,44.0010173],[-70.2126666,44.00102],[-70.2126709,44.0010227],[-70.2126752,44.0010253],[-70.2126795,44.001028],[-70.2126837,44.0010307],[-70.212688,44.0010334],[-70.2126923,44.001036],[-70.2126966,44.0010387],[-70.2127009,44.0010414],[-70.2127052,44.001044],[-70.2127095,44.0010467],[-70.2127138,44.0010494],[-70.2127181,44.001052],[-70.2127224,44.0010547],[-70.2127267,44.0010574],[-70.212731,44.00106],[-70.2127352,44.0010627],[-70.2127395,44.0010653],[-70.2127438,44.001068],[-70.2127482,44.0010707],[-70.2127525,44.0010733],[-70.2127568,44.001076],[-70.2127611,44.0010786],[-70.2127654,44.0010813],[-70.2127697,44.001084],[-70.212774,44.0010866],[-70.2127783,44.0010892],[-70.2127826,44.0010919],[-70.2127869,44.0010945],[-70.2127912,44.0010972],[-70.2127955,44.0010999],[-70.2127999,44.0011025],[-70.2128042,44.0011051],[-70.2128085,44.0011078],[-70.2128128,44.0011104],[-70.2128171,44.0011131],[-70.2128215,44.0011157],[-70.2128258,44.0011184],[-70.2128301,44.001121],[-70.2128344,44.0011236],[-70.2128388,44.0011263],[-70.2128431,44.0011289],[-70.2128474,44.0011315],[-70.2128517,44.0011342],[-70.2128561,44.0011368],[-70.2128604,44.0011395],[-70.2128647,44.0011421],[-70.212869,44.0011447],[-70.2128734,44.0011474],[-70.2128777,44.00115],[-70.2128821,44.0011526],[-70.2128864,44.0011552],[-70.2128907,44.0011579],[-70.2128951,44.0011605],[-70.2128994,44.0011631],[-70.2129037,44.0011657],[-70.2129081,44.0011684],[-70.2129124,44.001171],[-70.2129168,44.0011736],[-70.2129211,44.0011762],[-70.2129255,44.0011789],[-70.2129298,44.0011815],[-70.2129342,44.0011841],[-70.2129385,44.0011867],[-70.2129429,44.0011893],[-70.2129472,44.0011919],[-70.2129516,44.0011946],[-70.2129559,44.0011972],[-70.2129603,44.0011998],[-70.2129646,44.0012024],[-70.212969,44.001205],[-70.2129733,44.0012076],[-70.2129777,44.0012102],[-70.2129821,44.0012128],[-70.2129864,44.0012154],[-70.2129908,44.001218],[-70.2129952,44.0012207],[-70.2129995,44.0012233],[-70.2130039,44.0012259],[-70.2130083,44.0012285],[-70.2130126,44.0012311],[-70.213017,44.0012337],[-70.2130214,44.0012363],[-70.2130257,44.0012389],[-70.2130301,44.0012415],[-70.2130345,44.0012441],[-70.2130389,44.0012467],[-70.2130432,44.0012493],[-70.2130476,44.0012519],[-70.213052,44.0012544],[-70.2130564,44.001257],[-70.2130607,44.0012596],[-70.2130651,44.0012622],[-70.2130695,44.0012648],[-70.2130739,44.0012674],[-70.2130783,44.00127],[-70.2130827,44.0012726],[-70.213087,44.0012751],[-70.2130914,44.0012777],[-70.2130958,44.0012803],[-70.2131002,44.0012829],[-70.2131046,44.0012855],[-70.213109,44.0012881],[-70.2131134,44.0012907],[-70.2131178,44.0012932],[-70.2131222,44.0012958],[-70.2131266,44.0012984],[-70.213131,44.001301]]}},{"type":"Feature","properties":{"name":"Course 8","desc":"N 34\u00b035'30\" E  598.29'","style":"crs","folder":"Courses 1-9"},"geometry":{"type":"LineString","coordinates":[[-70.213131,44.001301],[-70.2131277,44.0013044],[-70.2131245,44.0013078],[-70.2131212,44.0013111],[-70.213118,44.0013145],[-70.2131148,44.0013179],[-70.2131115,44.0013213],[-70.2131083,44.0013247],[-70.213105,44.0013281],[-70.2131018,44.0013315],[-70.2130985,44.0013349],[-70.2130953,44.0013383],[-70.2130921,44.0013417],[-70.2130888,44.0013451],[-70.2130856,44.0013485],[-70.2130823,44.0013519],[-70.2130791,44.0013553],[-70.2130759,44.0013587],[-70.2130726,44.0013621],[-70.2130694,44.0013655],[-70.2130661,44.0013689],[-70.2130629,44.0013723],[-70.2130597,44.0013757],[-70.2130564,44.0013791],[-70.2130532,44.0013825],[-70.2130499,44.0013859],[-70.2130467,44.0013893],[-70.2130435,44.0013926],[-70.2130402,44.001396],[-70.213037,44.0013995],[-70.2130337,44.0014028],[-70.2130305,44.0014062],[-70.2130272,44.0014096],[-70.213024,44.001413],[-70.2130208,44.0014164],[-70.2130175,44.0014198],[-70.2130143,44.0014232],[-70.2130111,44.0014266],[-70.2130078,44.00143],[-70.2130046,44.0014334],[-70.2130013,44.0014368],[-70.2129981,44.0014402],[-70.2129949,44.0014436],[-70.2129916,44.001447],[-70.2129884,44.0014504],[-70.2129851,44.0014538],[-70.2129819,44.0014572],[-70.2129786,44.0014606],[-70.2129754,44.001464],[-70.2129722,44.0014674],[-70.2129689,44.0014708],[-70.2129657,44.0014742],[-70.2129624,44.0014776],[-70.2129592,44.001481],[-70.212956,44.0014843],[-70.2129527,44.0014878],[-70.2129495,44.0014911],[-70.2129462,44.0014945],[-70.212943,44.0014979],[-70.2129398,44.0015013],[-70.2129365,44.0015047],[-70.2129333,44.0015081],[-70.21293,44.0015115],[-70.2129268,44.0015149],[-70.2129235,44.0015183],[-70.2129203,44.0015217],[-70.2129171,44.0015251],[-70.2129138,44.0015285],[-70.2129106,44.0015319],[-70.2129073,44.0015353],[-70.2129041,44.0015387],[-70.2129009,44.0015421],[-70.2128976,44.0015455],[-70.2128944,44.0015489],[-70.2128911,44.0015523],[-70.2128879,44.0015557],[-70.2128847,44.0015591],[-70.2128814,44.0015625],[-70.2128782,44.0015659],[-70.2128749,44.0015693],[-70.2128717,44.0015726],[-70.2128685,44.001576],[-70.2128652,44.0015794],[-70.212862,44.0015828],[-70.2128587,44.0015862],[-70.2128555,44.0015896],[-70.2128522,44.001593],[-70.212849,44.0015964],[-70.2128458,44.0015998],[-70.2128425,44.0016032],[-70.2128393,44.0016066],[-70.2128361,44.00161],[-70.2128328,44.0016134],[-70.2128296,44.0016168],[-70.2128263,44.0016202],[-70.2128231,44.0016236],[-70.2128198,44.001627],[-70.2128166,44.0016304],[-70.2128134,44.0016338],[-70.2128101,44.0016372],[-70.2128069,44.0016406],[-70.2128036,44.001644],[-70.2128004,44.0016474],[-70.2127972,44.0016508],[-70.2127939,44.0016542],[-70.2127907,44.0016575],[-70.2127874,44.001661],[-70.2127842,44.0016643],[-70.212781,44.0016677],[-70.2127777,44.0016711],[-70.2127745,44.0016745],[-70.2127712,44.0016779],[-70.212768,44.0016813],[-70.2127648,44.0016847],[-70.2127615,44.0016881],[-70.2127583,44.0016915],[-70.212755,44.0016949],[-70.2127518,44.0016983],[-70.2127486,44.0017017],[-70.2127453,44.0017051],[-70.2127421,44.0017085],[-70.2127388,44.0017119],[-70.2127356,44.0017153],[-70.2127323,44.0017187],[-70.2127291,44.0017221],[-70.2127259,44.0017255],[-70.2127226,44.0017289],[-70.2127194,44.0017323],[-70.2127161,44.0017357],[-70.2127129,44.0017391],[-70.2127097,44.0017425],[-70.2127064,44.0017458],[-70.2127032,44.0017492],[-70.2126999,44.0017526],[-70.2126967,44.001756],[-70.2126935,44.0017594],[-70.2126902,44.0017628],[-70.212687,44.0017662],[-70.2126837,44.0017696],[-70.2126805,44.001773],[-70.2126772,44.0017764],[-70.212674,44.0017798],[-70.2126708,44.0017832],[-70.2126675,44.0017866],[-70.2126643,44.00179],[-70.212661,44.0017934],[-70.2126578,44.0017968],[-70.2126546,44.0018002],[-70.2126513,44.0018036],[-70.2126481,44.001807],[-70.2126448,44.0018104],[-70.2126416,44.0018138],[-70.2126384,44.0018172],[-70.2126351,44.0018206],[-70.2126319,44.001824],[-70.2126286,44.0018273],[-70.2126254,44.0018308],[-70.2126222,44.0018342],[-70.2126189,44.0018375],[-70.2126157,44.0018409],[-70.2126124,44.0018443],[-70.2126092,44.0018477],[-70.2126059,44.0018511],[-70.2126027,44.0018545],[-70.2125995,44.0018579],[-70.2125962,44.0018613],[-70.212593,44.0018647],[-70.2125898,44.0018681],[-70.2125865,44.0018715],[-70.2125833,44.0018749],[-70.21258,44.0018783],[-70.2125768,44.0018817],[-70.2125736,44.0018851],[-70.2125703,44.0018885],[-70.2125671,44.0018919],[-70.2125638,44.0018953],[-70.2125606,44.0018987],[-70.2125573,44.0019021],[-70.2125541,44.0019055],[-70.2125509,44.0019089],[-70.2125476,44.0019123],[-70.2125444,44.0019157],[-70.2125411,44.001919],[-70.2125379,44.0019224],[-70.2125347,44.0019258],[-70.2125314,44.0019292],[-70.2125282,44.0019326],[-70.2125249,44.001936],[-70.2125217,44.0019394],[-70.2125185,44.0019428],[-70.2125152,44.0019462],[-70.212512,44.0019496],[-70.2125087,44.001953],[-70.2125055,44.0019564],[-70.2125023,44.0019598],[-70.212499,44.0019632],[-70.2124958,44.0019666],[-70.2124925,44.00197],[-70.2124893,44.0019734],[-70.212486,44.0019768],[-70.2124828,44.0019802],[-70.2124796,44.0019836],[-70.2124763,44.001987],[-70.2124731,44.0019904],[-70.2124698,44.0019938],[-70.2124666,44.0019972],[-70.2124634,44.0020005],[-70.2124601,44.002004],[-70.2124569,44.0020073],[-70.2124536,44.0020107],[-70.2124504,44.0020141],[-70.2124472,44.0020175],[-70.2124439,44.0020209],[-70.2124407,44.0020243],[-70.2124374,44.0020277],[-70.2124342,44.0020311],[-70.2124309,44.0020345],[-70.2124277,44.0020379],[-70.2124245,44.0020413],[-70.2124212,44.0020447],[-70.212418,44.0020481],[-70.2124147,44.0020515],[-70.2124115,44.0020549],[-70.2124083,44.0020583],[-70.212405,44.0020617],[-70.2124018,44.0020651],[-70.2123985,44.0020685],[-70.2123953,44.0020719],[-70.2123921,44.0020753],[-70.2123888,44.0020787],[-70.2123856,44.0020821],[-70.2123823,44.0020855],[-70.2123791,44.0020888],[-70.2123759,44.0020922],[-70.2123726,44.0020957],[-70.2123694,44.002099],[-70.2123661,44.0021024],[-70.2123629,44.0021058],[-70.2123596,44.0021092],[-70.2123564,44.0021126],[-70.2123532,44.002116],[-70.2123499,44.0021194],[-70.2123467,44.0021228],[-70.2123435,44.0021262],[-70.2123402,44.0021296],[-70.212337,44.002133],[-70.2123337,44.0021364],[-70.2123305,44.0021398],[-70.2123272,44.0021432],[-70.212324,44.0021466],[-70.2123208,44.00215],[-70.2123175,44.0021534],[-70.2123143,44.0021568],[-70.212311,44.0021602],[-70.2123078,44.0021636],[-70.2123046,44.002167],[-70.2123013,44.0021704],[-70.2122981,44.0021738],[-70.2122948,44.0021772],[-70.2122916,44.0021805],[-70.2122883,44.0021839],[-70.2122851,44.0021873],[-70.2122819,44.0021907],[-70.2122786,44.0021941],[-70.2122754,44.0021975],[-70.2122722,44.0022009],[-70.2122689,44.0022043],[-70.2122657,44.0022077],[-70.2122624,44.0022111],[-70.2122592,44.0022145],[-70.2122559,44.0022179],[-70.2122527,44.0022213],[-70.2122495,44.0022247],[-70.2122462,44.0022281],[-70.212243,44.0022315],[-70.2122397,44.0022349],[-70.2122365,44.0022383],[-70.2122333,44.0022417],[-70.21223,44.0022451],[-70.2122268,44.0022485],[-70.2122235,44.0022519],[-70.2122203,44.0022553],[-70.2122171,44.0022587],[-70.2122138,44.002262],[-70.2122106,44.0022655],[-70.2122073,44.0022689],[-70.2122041,44.0022722],[-70.2122009,44.0022756],[-70.2121976,44.002279],[-70.2121944,44.0022824],[-70.2121911,44.0022858],[-70.2121879,44.0022892],[-70.2121846,44.0022926],[-70.2121814,44.002296],[-70.2121782,44.0022994],[-70.2121749,44.0023028],[-70.2121717,44.0023062],[-70.2121684,44.0023096],[-70.2121652,44.002313],[-70.212162,44.0023164],[-70.2121587,44.0023198],[-70.2121555,44.0023232],[-70.2121522,44.0023266],[-70.212149,44.00233],[-70.2121458,44.0023334],[-70.2121425,44.0023368],[-70.2121393,44.0023402],[-70.212136,44.0023436],[-70.2121328,44.002347],[-70.2121296,44.0023504],[-70.2121263,44.0023537],[-70.2121231,44.0023571],[-70.2121198,44.0023605],[-70.2121166,44.0023639],[-70.2121133,44.0023673],[-70.2121101,44.0023707],[-70.2121069,44.0023741],[-70.2121036,44.0023775],[-70.2121004,44.0023809],[-70.2120972,44.0023843],[-70.2120939,44.0023877],[-70.2120907,44.0023911],[-70.2120874,44.0023945],[-70.2120842,44.0023979],[-70.2120809,44.0024013],[-70.2120777,44.0024047],[-70.2120745,44.0024081],[-70.2120712,44.0024115],[-70.212068,44.0024149],[-70.2120647,44.0024183],[-70.2120615,44.0024217],[-70.2120582,44.0024251],[-70.212055,44.0024285],[-70.2120518,44.0024319],[-70.2120485,44.0024352],[-70.2120453,44.0024387],[-70.212042,44.002442],[-70.2120388,44.0024454],[-70.2120356,44.0024488],[-70.2120323,44.0024522],[-70.2120291,44.0024556],[-70.2120259,44.002459],[-70.2120226,44.0024624],[-70.2120194,44.0024658],[-70.2120161,44.0024692],[-70.2120129,44.0024726],[-70.2120096,44.002476],[-70.2120064,44.0024794],[-70.2120032,44.0024828],[-70.2119999,44.0024862],[-70.2119967,44.0024896],[-70.2119934,44.002493],[-70.2119902,44.0024964],[-70.211987,44.0024998],[-70.2119837,44.0025032],[-70.2119805,44.0025066],[-70.2119772,44.00251],[-70.211974,44.0025134],[-70.2119708,44.0025168],[-70.2119675,44.0025202],[-70.2119643,44.0025235],[-70.211961,44.0025269],[-70.2119578,44.0025303],[-70.2119546,44.0025337],[-70.2119513,44.0025371],[-70.2119481,44.0025405],[-70.2119448,44.0025439],[-70.2119416,44.0025473],[-70.2119383,44.0025507],[-70.2119351,44.0025541],[-70.2119319,44.0025575],[-70.2119286,44.0025609],[-70.2119254,44.0025643],[-70.2119221,44.0025677],[-70.2119189,44.0025711],[-70.2119157,44.0025745],[-70.2119124,44.0025779],[-70.2119092,44.0025813],[-70.2119059,44.0025847],[-70.2119027,44.0025881],[-70.2118995,44.0025915],[-70.2118962,44.0025949],[-70.211893,44.0025983],[-70.2118897,44.0026017],[-70.2118865,44.0026051],[-70.2118832,44.0026084],[-70.21188,44.0026119],[-70.2118768,44.0026152],[-70.2118735,44.0026186],[-70.2118703,44.002622],[-70.211867,44.0026254],[-70.2118638,44.0026288],[-70.2118606,44.0026322],[-70.2118573,44.0026356],[-70.2118541,44.002639],[-70.2118508,44.0026424],[-70.2118476,44.0026458],[-70.2118444,44.0026492],[-70.2118411,44.0026526]]}},{"type":"Feature","properties":{"name":"Course 9","desc":"S 53\u00b045'03\" E  952.94' along land N/F Karen S. Pease (part of a 1796.14' line)","style":"crs","folder":"Courses 1-9"},"geometry":{"type":"LineString","coordinates":[[-70.2118411,44.0026526],[-70.2118365,44.0026502],[-70.2118319,44.0026477],[-70.2118273,44.0026453],[-70.2118227,44.0026429],[-70.2118181,44.0026404],[-70.2118135,44.002638],[-70.2118089,44.0026356],[-70.2118043,44.0026331],[-70.2117997,44.0026307],[-70.2117951,44.0026283],[-70.2117905,44.0026258],[-70.2117859,44.0026234],[-70.2117813,44.002621],[-70.2117767,44.0026186],[-70.2117721,44.0026161],[-70.2117675,44.0026137],[-70.2117629,44.0026113],[-70.2117583,44.0026088],[-70.2117537,44.0026064],[-70.2117491,44.002604],[-70.2117445,44.0026015],[-70.2117399,44.0025991],[-70.2117353,44.0025967],[-70.2117307,44.0025942],[-70.2117261,44.0025918],[-70.2117215,44.0025894],[-70.2117169,44.0025869],[-70.2117123,44.0025845],[-70.2117077,44.0025821],[-70.2117031,44.0025796],[-70.2116985,44.0025772],[-70.2116939,44.0025748],[-70.2116893,44.0025723],[-70.2116847,44.0025699],[-70.2116801,44.0025675],[-70.2116755,44.002565],[-70.2116709,44.0025626],[-70.2116663,44.0025602],[-70.2116617,44.0025577],[-70.2116571,44.0025553],[-70.2116525,44.0025529],[-70.2116479,44.0025504],[-70.2116433,44.002548],[-70.2116387,44.0025456],[-70.2116341,44.0025431],[-70.2116295,44.0025407],[-70.2116249,44.0025383],[-70.2116202,44.0025358],[-70.2116156,44.0025334],[-70.2116111,44.002531],[-70.2116065,44.0025286],[-70.2116018,44.0025261],[-70.2115972,44.0025237],[-70.2115926,44.0025213],[-70.211588,44.0025188],[-70.2115834,44.0025164],[-70.2115788,44.002514],[-70.2115742,44.0025115],[-70.2115696,44.0025091],[-70.211565,44.0025067],[-70.2115604,44.0025042],[-70.2115558,44.0025018],[-70.2115512,44.0024994],[-70.2115466,44.0024969],[-70.211542,44.0024945],[-70.2115374,44.0024921],[-70.2115328,44.0024896],[-70.2115282,44.0024872],[-70.2115236,44.0024848],[-70.211519,44.0024823],[-70.2115144,44.0024799],[-70.2115098,44.0024775],[-70.2115052,44.002475],[-70.2115006,44.0024726],[-70.211496,44.0024702],[-70.2114914,44.0024677],[-70.2114868,44.0024653],[-70.2114822,44.0024629],[-70.2114776,44.0024604],[-70.211473,44.002458],[-70.2114684,44.0024556],[-70.2114638,44.0024531],[-70.2114592,44.0024507],[-70.2114546,44.0024483],[-70.21145,44.0024458],[-70.2114454,44.0024434],[-70.2114408,44.002441],[-70.2114362,44.0024386],[-70.2114316,44.0024361],[-70.211427,44.0024337],[-70.2114224,44.0024313],[-70.2114178,44.0024288],[-70.2114132,44.0024264],[-70.2114086,44.002424],[-70.211404,44.0024215],[-70.2113994,44.0024191],[-70.2113948,44.0024167],[-70.2113902,44.0024142],[-70.2113856,44.0024118],[-70.211381,44.0024094],[-70.2113764,44.0024069],[-70.2113718,44.0024045],[-70.2113672,44.0024021],[-70.2113626,44.0023996],[-70.211358,44.0023972],[-70.2113534,44.0023948],[-70.2113488,44.0023923],[-70.2113442,44.0023899],[-70.2113396,44.0023875],[-70.211335,44.002385],[-70.2113304,44.0023826],[-70.2113258,44.0023802],[-70.2113212,44.0023777],[-70.2113166,44.0023753],[-70.211312,44.0023729],[-70.2113074,44.0023704],[-70.2113028,44.002368],[-70.2112982,44.0023656],[-70.2112936,44.0023631],[-70.211289,44.0023607],[-70.2112843,44.0023583],[-70.2112798,44.0023558],[-70.2112752,44.0023534],[-70.2112705,44.002351],[-70.2112659,44.0023486],[-70.2112614,44.0023461],[-70.2112568,44.0023437],[-70.2112521,44.0023413],[-70.2112475,44.0023388],[-70.2112429,44.0023364],[-70.2112383,44.002334],[-70.2112337,44.0023315],[-70.2112291,44.0023291],[-70.2112245,44.0023267],[-70.2112199,44.0023242],[-70.2112153,44.0023218],[-70.2112107,44.0023194],[-70.2112061,44.0023169],[-70.2112015,44.0023145],[-70.2111969,44.0023121],[-70.2111923,44.0023096],[-70.2111877,44.0023072],[-70.2111831,44.0023048],[-70.2111785,44.0023023],[-70.2111739,44.0022999],[-70.2111693,44.0022975],[-70.2111647,44.002295],[-70.2111601,44.0022926],[-70.2111555,44.0022902],[-70.2111509,44.0022877],[-70.2111463,44.0022853],[-70.2111417,44.0022829],[-70.2111371,44.0022804],[-70.2111325,44.002278],[-70.2111279,44.0022756],[-70.2111233,44.0022731],[-70.2111187,44.0022707],[-70.2111141,44.0022683],[-70.2111095,44.0022658],[-70.2111049,44.0022634],[-70.2111003,44.002261],[-70.2110957,44.0022585],[-70.2110911,44.0022561],[-70.2110865,44.0022537],[-70.2110819,44.0022513],[-70.2110773,44.0022488],[-70.2110727,44.0022464],[-70.2110681,44.002244],[-70.2110635,44.0022415],[-70.2110589,44.0022391],[-70.2110543,44.0022367],[-70.2110497,44.0022342],[-70.2110451,44.0022318],[-70.2110405,44.0022294],[-70.2110359,44.0022269],[-70.2110313,44.0022245],[-70.2110267,44.0022221],[-70.2110221,44.0022196],[-70.2110175,44.0022172],[-70.2110129,44.0022148],[-70.2110083,44.0022123],[-70.2110037,44.0022099],[-70.2109991,44.0022075],[-70.2109945,44.002205],[-70.2109899,44.0022026],[-70.2109853,44.0022002],[-70.2109807,44.0021977],[-70.2109761,44.0021953],[-70.2109715,44.0021929],[-70.2109669,44.0021904],[-70.2109623,44.002188],[-70.2109577,44.0021856],[-70.2109531,44.0021831],[-70.2109485,44.0021807],[-70.2109439,44.0021783],[-70.2109393,44.0021758],[-70.2109346,44.0021734],[-70.2109301,44.002171],[-70.2109255,44.0021685],[-70.2109208,44.0021661],[-70.2109162,44.0021637],[-70.2109116,44.0021613],[-70.2109071,44.0021588],[-70.2109025,44.0021564],[-70.2108978,44.002154],[-70.2108932,44.0021515],[-70.2108886,44.0021491],[-70.210884,44.0021467],[-70.2108794,44.0021442],[-70.2108748,44.0021418],[-70.2108702,44.0021394],[-70.2108656,44.0021369],[-70.210861,44.0021345],[-70.2108564,44.0021321],[-70.2108518,44.0021296],[-70.2108472,44.0021272],[-70.2108426,44.0021248],[-70.210838,44.0021223],[-70.2108334,44.0021199],[-70.2108288,44.0021175],[-70.2108242,44.002115],[-70.2108196,44.0021126],[-70.210815,44.0021102],[-70.2108104,44.0021077],[-70.2108058,44.0021053],[-70.2108012,44.0021029],[-70.2107966,44.0021004],[-70.210792,44.002098],[-70.2107874,44.0020956],[-70.2107828,44.0020931],[-70.2107782,44.0020907],[-70.2107736,44.0020883],[-70.210769,44.0020858],[-70.2107644,44.0020834],[-70.2107598,44.002081],[-70.2107552,44.0020785],[-70.2107506,44.0020761],[-70.210746,44.0020737],[-70.2107414,44.0020712],[-70.2107368,44.0020688],[-70.2107322,44.0020664],[-70.2107276,44.002064],[-70.210723,44.0020615],[-70.2107184,44.0020591],[-70.2107138,44.0020567],[-70.2107092,44.0020542],[-70.2107046,44.0020518],[-70.2107,44.0020494],[-70.2106954,44.0020469],[-70.2106908,44.0020445],[-70.2106862,44.0020421],[-70.2106816,44.0020396],[-70.210677,44.0020372],[-70.2106724,44.0020348],[-70.2106678,44.0020323],[-70.2106632,44.0020299],[-70.2106586,44.0020275],[-70.210654,44.002025],[-70.2106494,44.0020226],[-70.2106448,44.0020202],[-70.2106402,44.0020177],[-70.2106356,44.0020153],[-70.210631,44.0020129],[-70.2106264,44.0020104],[-70.2106218,44.002008],[-70.2106172,44.0020056],[-70.2106126,44.0020031],[-70.210608,44.0020007],[-70.2106034,44.0019983],[-70.2105988,44.0019958],[-70.2105942,44.0019934],[-70.2105896,44.001991],[-70.210585,44.0019885],[-70.2105804,44.0019861],[-70.2105758,44.0019837],[-70.2105712,44.0019812],[-70.2105665,44.0019788],[-70.2105619,44.0019764],[-70.2105574,44.0019739],[-70.2105528,44.0019715],[-70.2105481,44.0019691],[-70.2105435,44.0019666],[-70.2105389,44.0019642],[-70.2105343,44.0019618],[-70.2105297,44.0019593],[-70.2105251,44.0019569],[-70.2105205,44.0019545],[-70.2105159,44.001952],[-70.2105113,44.0019496],[-70.2105067,44.0019472],[-70.2105021,44.0019447],[-70.2104975,44.0019423],[-70.2104929,44.0019399],[-70.2104883,44.0019375],[-70.2104837,44.001935],[-70.2104791,44.0019326],[-70.2104745,44.0019302],[-70.2104699,44.0019277],[-70.2104653,44.0019253],[-70.2104607,44.0019229],[-70.2104561,44.0019204],[-70.2104515,44.001918],[-70.2104469,44.0019156],[-70.2104423,44.0019131],[-70.2104377,44.0019107],[-70.2104331,44.0019083],[-70.2104285,44.0019058],[-70.2104239,44.0019034],[-70.2104193,44.001901],[-70.2104147,44.0018985],[-70.2104101,44.0018961],[-70.2104055,44.0018937],[-70.2104009,44.0018912],[-70.2103963,44.0018888],[-70.2103917,44.0018864],[-70.2103871,44.0018839],[-70.2103825,44.0018815],[-70.2103779,44.0018791],[-70.2103733,44.0018766],[-70.2103687,44.0018742],[-70.2103641,44.0018718],[-70.2103595,44.0018693],[-70.2103549,44.0018669],[-70.2103503,44.0018645],[-70.2103457,44.001862],[-70.2103411,44.0018596],[-70.2103365,44.0018572],[-70.2103319,44.0018547],[-70.2103273,44.0018523],[-70.2103227,44.0018499],[-70.2103181,44.0018474],[-70.2103135,44.001845],[-70.2103089,44.0018426],[-70.2103043,44.0018402],[-70.2102997,44.0018377],[-70.2102951,44.0018353],[-70.2102905,44.0018329],[-70.2102859,44.0018304],[-70.2102813,44.001828],[-70.2102767,44.0018256],[-70.2102721,44.0018231],[-70.2102675,44.0018207],[-70.2102629,44.0018183],[-70.2102583,44.0018158],[-70.2102537,44.0018134],[-70.2102491,44.001811],[-70.2102445,44.0018085],[-70.2102399,44.0018061],[-70.2102353,44.0018037],[-70.2102307,44.0018012],[-70.2102261,44.0017988],[-70.2102215,44.0017964],[-70.2102169,44.0017939],[-70.2102123,44.0017915],[-70.2102077,44.0017891],[-70.2102031,44.0017866],[-70.2101984,44.0017842],[-70.2101938,44.0017818],[-70.2101892,44.0017793],[-70.2101847,44.0017769],[-70.2101801,44.0017745],[-70.2101754,44.001772],[-70.2101708,44.0017696],[-70.2101662,44.0017672],[-70.2101616,44.0017647],[-70.210157,44.0017623],[-70.2101524,44.0017599],[-70.2101478,44.0017574],[-70.2101432,44.001755],[-70.2101386,44.0017526],[-70.210134,44.0017501],[-70.2101294,44.0017477],[-70.2101248,44.0017453],[-70.2101202,44.0017429],[-70.2101156,44.0017404],[-70.210111,44.001738],[-70.2101064,44.0017356],[-70.2101018,44.0017331],[-70.2100972,44.0017307],[-70.2100926,44.0017283],[-70.210088,44.0017258],[-70.2100834,44.0017234],[-70.2100788,44.001721],[-70.2100742,44.0017185],[-70.2100696,44.0017161],[-70.210065,44.0017137],[-70.2100604,44.0017112],[-70.2100558,44.0017088],[-70.2100512,44.0017064],[-70.2100466,44.0017039],[-70.210042,44.0017015],[-70.2100374,44.0016991],[-70.2100328,44.0016966],[-70.2100282,44.0016942],[-70.2100236,44.0016918],[-70.210019,44.0016893],[-70.2100144,44.0016869],[-70.2100098,44.0016845],[-70.2100052,44.001682],[-70.2100006,44.0016796],[-70.209996,44.0016772],[-70.2099914,44.0016747],[-70.2099868,44.0016723],[-70.2099822,44.0016699],[-70.2099776,44.0016674],[-70.209973,44.001665],[-70.2099684,44.0016626],[-70.2099638,44.0016601],[-70.2099592,44.0016577],[-70.2099546,44.0016553],[-70.20995,44.0016528],[-70.2099454,44.0016504],[-70.2099408,44.001648],[-70.2099362,44.0016456],[-70.2099316,44.0016431],[-70.209927,44.0016407],[-70.2099224,44.0016383],[-70.2099178,44.0016358],[-70.2099132,44.0016334],[-70.2099086,44.001631],[-70.209904,44.0016285],[-70.2098994,44.0016261],[-70.2098948,44.0016237],[-70.2098902,44.0016212],[-70.2098856,44.0016188],[-70.209881,44.0016164],[-70.2098764,44.0016139],[-70.2098718,44.0016115],[-70.2098672,44.0016091],[-70.2098626,44.0016066],[-70.209858,44.0016042],[-70.2098534,44.0016018],[-70.2098488,44.0015993],[-70.2098442,44.0015969],[-70.2098396,44.0015945],[-70.209835,44.001592],[-70.2098304,44.0015896],[-70.2098257,44.0015872],[-70.2098211,44.0015847],[-70.2098165,44.0015823],[-70.209812,44.0015799],[-70.2098074,44.0015774],[-70.2098027,44.001575],[-70.2097981,44.0015726],[-70.2097936,44.0015701],[-70.2097889,44.0015677],[-70.2097843,44.0015653],[-70.2097797,44.0015628],[-70.2097751,44.0015604],[-70.2097705,44.001558],[-70.2097659,44.0015555],[-70.2097613,44.0015531],[-70.2097567,44.0015507],[-70.2097521,44.0015483],[-70.2097475,44.0015458],[-70.2097429,44.0015434],[-70.2097383,44.001541],[-70.2097337,44.0015385],[-70.2097291,44.0015361],[-70.2097245,44.0015337],[-70.2097199,44.0015312],[-70.2097153,44.0015288],[-70.2097107,44.0015264],[-70.2097061,44.0015239],[-70.2097015,44.0015215],[-70.2096969,44.0015191],[-70.2096923,44.0015166],[-70.2096877,44.0015142],[-70.2096831,44.0015118],[-70.2096785,44.0015093],[-70.2096739,44.0015069],[-70.2096693,44.0015045],[-70.2096647,44.001502],[-70.2096601,44.0014996],[-70.2096555,44.0014972],[-70.2096509,44.0014947],[-70.2096463,44.0014923],[-70.2096417,44.0014899],[-70.2096371,44.0014874],[-70.2096325,44.001485],[-70.2096279,44.0014826],[-70.2096233,44.0014801],[-70.2096187,44.0014777],[-70.2096141,44.0014753],[-70.2096095,44.0014728],[-70.2096049,44.0014704],[-70.2096003,44.001468],[-70.2095957,44.0014655],[-70.2095911,44.0014631],[-70.2095865,44.0014607],[-70.2095819,44.0014582],[-70.2095773,44.0014558],[-70.2095727,44.0014534],[-70.2095681,44.0014509],[-70.2095635,44.0014485],[-70.2095589,44.0014461],[-70.2095543,44.0014437],[-70.2095497,44.0014412],[-70.2095451,44.0014388],[-70.2095405,44.0014364],[-70.2095359,44.0014339],[-70.2095313,44.0014315],[-70.2095267,44.0014291],[-70.2095221,44.0014266],[-70.2095175,44.0014242],[-70.2095129,44.0014218],[-70.2095083,44.0014193],[-70.2095037,44.0014169],[-70.2094991,44.0014145],[-70.2094945,44.001412],[-70.2094899,44.0014096],[-70.2094853,44.0014072],[-70.2094807,44.0014047],[-70.2094761,44.0014023],[-70.2094715,44.0013999],[-70.2094669,44.0013974],[-70.2094623,44.001395],[-70.2094577,44.0013926],[-70.2094531,44.0013901],[-70.2094485,44.0013877],[-70.2094439,44.0013853],[-70.2094393,44.0013828],[-70.2094347,44.0013804],[-70.20943,44.001378],[-70.2094254,44.0013755],[-70.2094209,44.0013731],[-70.2094163,44.0013707],[-70.2094117,44.0013682],[-70.209407,44.0013658],[-70.2094024,44.0013634],[-70.2093978,44.0013609],[-70.2093932,44.0013585],[-70.2093886,44.0013561],[-70.209384,44.0013536],[-70.2093794,44.0013512],[-70.2093748,44.0013488],[-70.2093702,44.0013464],[-70.2093656,44.0013439],[-70.209361,44.0013415],[-70.2093564,44.0013391],[-70.2093518,44.0013366],[-70.2093472,44.0013342],[-70.2093426,44.0013318],[-70.209338,44.0013293],[-70.2093334,44.0013269],[-70.2093288,44.0013245],[-70.2093242,44.001322],[-70.2093196,44.0013196],[-70.209315,44.0013172],[-70.2093104,44.0013147],[-70.2093058,44.0013123],[-70.2093012,44.0013099],[-70.2092966,44.0013074],[-70.209292,44.001305],[-70.2092874,44.0013026],[-70.2092828,44.0013001],[-70.2092782,44.0012977],[-70.2092736,44.0012953],[-70.209269,44.0012928],[-70.2092644,44.0012904],[-70.2092598,44.001288],[-70.2092552,44.0012855],[-70.2092506,44.0012831],[-70.209246,44.0012807],[-70.2092414,44.0012782],[-70.2092368,44.0012758],[-70.2092322,44.0012734],[-70.2092276,44.0012709],[-70.209223,44.0012685],[-70.2092184,44.0012661],[-70.2092138,44.0012636],[-70.2092092,44.0012612],[-70.2092046,44.0012588],[-70.2092,44.0012563],[-70.2091954,44.0012539],[-70.2091908,44.0012515],[-70.2091862,44.001249],[-70.2091816,44.0012466],[-70.209177,44.0012442],[-70.2091724,44.0012418],[-70.2091678,44.0012393],[-70.2091632,44.0012369],[-70.2091586,44.0012345],[-70.209154,44.001232],[-70.2091494,44.0012296],[-70.2091448,44.0012272],[-70.2091402,44.0012247],[-70.2091356,44.0012223],[-70.209131,44.0012199],[-70.2091264,44.0012174],[-70.2091218,44.001215],[-70.2091172,44.0012126],[-70.2091126,44.0012101],[-70.209108,44.0012077],[-70.2091034,44.0012053],[-70.2090988,44.0012028],[-70.2090942,44.0012004],[-70.2090896,44.001198],[-70.209085,44.0011955],[-70.2090804,44.0011931],[-70.2090758,44.0011907],[-70.2090712,44.0011882],[-70.2090666,44.0011858],[-70.209062,44.0011834],[-70.2090574,44.0011809],[-70.2090528,44.0011785],[-70.2090482,44.0011761],[-70.2090436,44.0011736],[-70.2090389,44.0011712],[-70.2090343,44.0011688],[-70.2090297,44.0011663],[-70.2090252,44.0011639],[-70.2090206,44.0011615],[-70.2090159,44.001159],[-70.2090113,44.0011566],[-70.2090068,44.0011542],[-70.2090021,44.0011517],[-70.2089975,44.0011493],[-70.2089929,44.0011469],[-70.2089883,44.0011444],[-70.2089837,44.001142],[-70.2089791,44.0011396],[-70.2089745,44.0011372],[-70.2089699,44.0011347],[-70.2089653,44.0011323],[-70.2089607,44.0011299],[-70.2089561,44.0011274],[-70.2089515,44.001125],[-70.2089469,44.0011226],[-70.2089423,44.0011201],[-70.2089377,44.0011177],[-70.2089331,44.0011153],[-70.2089285,44.0011128],[-70.2089239,44.0011104],[-70.2089193,44.001108]]}},{"type":"Feature","properties":{"name":"POINT OF BEGINNING","desc":"NW sideline of Hobart Road at the SE corner of land N/F Karen S. Pease (Bk 10912 Pg 197). Lies N 53\u00b059'10\" W 2.75' from a 1\" axle found 14\" above grade (held per deed Bk 215 Pg 89). |  | 44.0011080, -70.2089194 | Maine W SP ftUS: E 2,941,632.07  N 425,646.54","style":"pob","folder":"Corners"},"geometry":{"type":"Point","coordinates":[-70.2089194,44.001108]}},{"type":"Feature","properties":{"name":"Course 1 end","desc":"Curve right, R=475.00', arc 44.45', chord S 72\u00b059'02\" W 44.43' |  | 44.0010723, -70.2090808 | Maine W SP ftUS: E 2,941,589.59  N 425,633.54","style":"cor","folder":"Corners"},"geometry":{"type":"Point","coordinates":[-70.2090808,44.0010722]}},{"type":"Feature","properties":{"name":"Course 2 end","desc":"S 75\u00b039'53\" W  88.25'  (line-table L2) |  | 44.0010122, -70.2094057 | Maine W SP ftUS: E 2,941,504.08  N 425,611.69","style":"cor","folder":"Corners"},"geometry":{"type":"Point","coordinates":[-70.2094057,44.0010122]}},{"type":"Feature","properties":{"name":"Course 3 end","desc":"Curve left, R=2025.00', arc 186.08', chord S 73\u00b001'56\" W 186.02' |  | 44.0008630, -70.2100818 | Maine W SP ftUS: E 2,941,326.16  N 425,557.40","style":"cor","folder":"Corners"},"geometry":{"type":"Point","coordinates":[-70.2100818,44.000863]}},{"type":"Feature","properties":{"name":"Course 4 end","desc":"S 70\u00b023'59\" W  301.33' |  | 44.0005853, -70.2111604 | Maine W SP ftUS: E 2,941,042.29  N 425,456.32","style":"cor","folder":"Corners"},"geometry":{"type":"Point","coordinates":[-70.2111604,44.0005853]}},{"type":"Feature","properties":{"name":"Course 5 end","desc":"Curve right, R=275.00', arc 290.52', chord N 79\u00b020'10\" W 277.19' |  | 44.0007256, -70.2121957 | Maine W SP ftUS: E 2,940,769.89  N 425,507.61","style":"cor","folder":"Corners"},"geometry":{"type":"Point","coordinates":[-70.2121957,44.0007256]}},{"type":"Feature","properties":{"name":"Course 6 end","desc":"N 49\u00b004'18\" W  162.43' |  | 44.0010173, -70.2126623 | Maine W SP ftUS: E 2,940,647.17  N 425,614.02","style":"cor","folder":"Corners"},"geometry":{"type":"Point","coordinates":[-70.2126623,44.0010173]}},{"type":"Feature","properties":{"name":"Course 7 end","desc":"Curve LEFT, R=5025.00', arc 160.93', chord N 49\u00b059'21\" W 160.92'. The deed prints \"right\"; the chord bearing and the plan's next road line (S 50\u00b054'24\" E) both prove left. | Monument: Capped 5/8\" rebar SET (Terradyn PLS 2532) |  | 44.0013010, -70.2131310 | Maine W SP ftUS: E 2,940,523.91  N 425,717.48","style":"cor","folder":"Corners"},"geometry":{"type":"Point","coordinates":[-70.213131,44.001301]}},{"type":"Feature","properties":{"name":"Course 8 end","desc":"N 34\u00b035'30\" E  598.29' | Monument: Capped 5/8\" rebar (Terradyn PLS 2532) / flat iron rod found painted red, on the Pease line |  | 44.0026526, -70.2118411 | Maine W SP ftUS: E 2,940,863.58  N 426,210.01","style":"cor","folder":"Corners"},"geometry":{"type":"Point","coordinates":[-70.2118411,44.0026526]}},{"type":"Feature","properties":{"name":"Remaining land (11.215 ac)","desc":"Retained by Keith Emerson. Road frontage 844.68', west line N 34\u00b035'30\" E 570.09' (original lotting line), north line 843.20' along Pease, east line shared with the conveyed parcel.","style":"p2","folder":"2. Remaining Emerson land (11.215 ac)"},"geometry":{"type":"Polygon","coordinates":[[[-70.213131,44.001301],[-70.2131354,44.0013036],[-70.2131398,44.0013062],[-70.2131443,44.0013088],[-70.2131487,44.0013114],[-70.2131531,44.001314],[-70.2131576,44.0013166],[-70.213162,44.0013192],[-70.2131665,44.0013218],[-70.2131709,44.0013243],[-70.2131753,44.0013269],[-70.2131798,44.0013296],[-70.2131842,44.0013322],[-70.2131886,44.0013347],[-70.2131931,44.0013374],[-70.2131975,44.00134],[-70.2132019,44.0013425],[-70.2132064,44.0013451],[-70.2132108,44.0013478],[-70.2132153,44.0013504],[-70.2132197,44.0013529],[-70.2132241,44.0013555],[-70.2132286,44.0013581],[-70.213233,44.0013607],[-70.2132374,44.0013633],[-70.2132419,44.0013659],[-70.2132463,44.0013685],[-70.2132508,44.0013711],[-70.2132552,44.0013737],[-70.2132596,44.0013763],[-70.2132641,44.0013789],[-70.2132685,44.0013815],[-70.213273,44.0013841],[-70.2132774,44.0013867],[-70.2132818,44.0013893],[-70.2132863,44.0013919],[-70.2132907,44.0013945],[-70.2132951,44.0013971],[-70.2132996,44.0013997],[-70.213304,44.0014023],[-70.2133084,44.0014049],[-70.2133129,44.0014075],[-70.2133173,44.0014101],[-70.2133218,44.0014127],[-70.2133262,44.0014153],[-70.2133306,44.0014179],[-70.2133351,44.0014205],[-70.2133395,44.0014231],[-70.2133439,44.0014257],[-70.2133484,44.0014283],[-70.2133528,44.0014309],[-70.2133573,44.0014335],[-70.2133617,44.0014361],[-70.2133661,44.0014387],[-70.2133706,44.0014413],[-70.213375,44.0014439],[-70.2133794,44.0014465],[-70.2133839,44.0014491],[-70.2133883,44.0014517],[-70.2133927,44.0014543],[-70.2133972,44.0014569],[-70.2134016,44.0014595],[-70.2134061,44.0014621],[-70.2134105,44.0014647],[-70.2134149,44.0014673],[-70.2134194,44.0014699],[-70.2134238,44.0014725],[-70.2134283,44.0014751],[-70.2134327,44.0014777],[-70.2134371,44.0014803],[-70.2134416,44.0014829],[-70.213446,44.0014855],[-70.2134504,44.0014881],[-70.2134549,44.0014907],[-70.2134593,44.0014933],[-70.2134637,44.0014959],[-70.2134682,44.0014985],[-70.2134726,44.0015011],[-70.2134771,44.0015037],[-70.2134815,44.0015063],[-70.2134859,44.0015089],[-70.2134904,44.0015115],[-70.2134948,44.0015141],[-70.2134992,44.0015167],[-70.2135037,44.0015193],[-70.2135081,44.0015219],[-70.2135126,44.0015245],[-70.213517,44.0015271],[-70.2135214,44.0015297],[-70.2135259,44.0015323],[-70.2135303,44.0015349],[-70.2135347,44.0015375],[-70.2135392,44.0015401],[-70.2135436,44.0015427],[-70.213548,44.0015453],[-70.2135525,44.0015479],[-70.2135569,44.0015505],[-70.2135614,44.0015531],[-70.2135658,44.0015557],[-70.2135702,44.0015583],[-70.2135747,44.0015609],[-70.2135791,44.0015635],[-70.2135835,44.0015661],[-70.213588,44.0015687],[-70.2135924,44.0015713],[-70.2135969,44.0015739],[-70.2136013,44.0015765],[-70.2136057,44.0015791],[-70.2136102,44.0015817],[-70.2136146,44.0015843],[-70.2136191,44.0015869],[-70.2136235,44.0015895],[-70.2136279,44.0015921],[-70.2136324,44.0015947],[-70.2136368,44.0015973],[-70.2136412,44.0015999],[-70.2136457,44.0016025],[-70.2136501,44.0016051],[-70.2136545,44.0016077],[-70.213659,44.0016103],[-70.2136634,44.0016129],[-70.2136679,44.0016155],[-70.2136723,44.0016181],[-70.2136767,44.0016207],[-70.2136812,44.0016233],[-70.2136856,44.0016259],[-70.21369,44.0016285],[-70.2136945,44.0016311],[-70.2136989,44.0016337],[-70.2137034,44.0016363],[-70.2137078,44.0016389],[-70.2137122,44.0016415],[-70.2137167,44.0016441],[-70.2137211,44.0016467],[-70.2137255,44.0016493],[-70.21373,44.0016519],[-70.2137344,44.0016545],[-70.2137388,44.0016571],[-70.2137433,44.0016597],[-70.2137477,44.0016623],[-70.2137522,44.0016649],[-70.2137566,44.0016675],[-70.213761,44.0016701],[-70.2137655,44.0016727],[-70.2137699,44.0016753],[-70.2137743,44.0016779],[-70.2137788,44.0016805],[-70.2137832,44.001683],[-70.2137877,44.0016856],[-70.2137921,44.0016883],[-70.2137965,44.0016909],[-70.213801,44.0016934],[-70.2138054,44.001696],[-70.2138099,44.0016987],[-70.2138143,44.0017013],[-70.2138187,44.0017038],[-70.2138232,44.0017065],[-70.2138276,44.0017091],[-70.213832,44.0017116],[-70.2138365,44.0017142],[-70.2138409,44.0017169],[-70.2138453,44.0017194],[-70.2138498,44.001722],[-70.2138542,44.0017246],[-70.2138587,44.0017272],[-70.2138631,44.0017298],[-70.2138675,44.0017324],[-70.213872,44.001735],[-70.2138764,44.0017376],[-70.2138808,44.0017402],[-70.2138853,44.0017428],[-70.2138897,44.0017454],[-70.2138942,44.001748],[-70.2138986,44.0017506],[-70.213903,44.0017532],[-70.2139075,44.0017558],[-70.2139119,44.0017584],[-70.2139163,44.001761],[-70.2139208,44.0017636],[-70.2139252,44.0017662],[-70.2139296,44.0017688],[-70.2139341,44.0017714],[-70.2139385,44.001774],[-70.213943,44.0017766],[-70.2139474,44.0017792],[-70.2139518,44.0017818],[-70.2139563,44.0017844],[-70.2139607,44.001787],[-70.2139652,44.0017896],[-70.2139696,44.0017922],[-70.213974,44.0017948],[-70.2139785,44.0017974],[-70.2139829,44.0018],[-70.2139873,44.0018026],[-70.2139918,44.0018052],[-70.2139962,44.0018078],[-70.2140007,44.0018104],[-70.2140051,44.001813],[-70.2140095,44.0018156],[-70.214014,44.0018182],[-70.2140184,44.0018208],[-70.2140228,44.0018234],[-70.2140273,44.001826],[-70.2140317,44.0018286],[-70.2140361,44.0018312],[-70.2140406,44.0018338],[-70.214045,44.0018364],[-70.2140495,44.001839],[-70.2140539,44.0018416],[-70.2140583,44.0018442],[-70.2140628,44.0018468],[-70.2140672,44.0018494],[-70.2140716,44.001852],[-70.2140761,44.0018546],[-70.2140805,44.0018572],[-70.214085,44.0018598],[-70.2140894,44.0018624],[-70.2140938,44.001865],[-70.2140983,44.0018676],[-70.2141027,44.0018702],[-70.2141071,44.0018728],[-70.2141116,44.0018754],[-70.214116,44.001878],[-70.2141204,44.0018806],[-70.2141249,44.0018832],[-70.2141293,44.0018858],[-70.2141338,44.0018884],[-70.2141382,44.001891],[-70.2141426,44.0018936],[-70.2141471,44.0018962],[-70.2141515,44.0018988],[-70.214156,44.0019014],[-70.2141604,44.001904],[-70.2141648,44.0019066],[-70.2141693,44.0019092],[-70.2141737,44.0019118],[-70.2141781,44.0019144],[-70.2141826,44.001917],[-70.214187,44.0019196],[-70.2141915,44.0019222],[-70.2141959,44.0019248],[-70.2142003,44.0019274],[-70.2142048,44.00193],[-70.2142092,44.0019326],[-70.2142136,44.0019352],[-70.2142181,44.0019378],[-70.2142225,44.0019404],[-70.2142269,44.001943],[-70.2142314,44.0019456],[-70.2142358,44.0019482],[-70.2142403,44.0019508],[-70.2142447,44.0019534],[-70.2142491,44.001956],[-70.2142536,44.0019586],[-70.214258,44.0019612],[-70.2142624,44.0019638],[-70.2142669,44.0019664],[-70.2142713,44.001969],[-70.2142758,44.0019716],[-70.2142802,44.0019742],[-70.2142846,44.0019768],[-70.2142891,44.0019794],[-70.2142935,44.001982],[-70.2142979,44.0019846],[-70.2143024,44.0019872],[-70.2143068,44.0019898],[-70.2143112,44.0019924],[-70.2143157,44.001995],[-70.2143201,44.0019976],[-70.2143246,44.0020002],[-70.214329,44.0020028],[-70.2143334,44.0020054],[-70.2143379,44.002008],[-70.2143423,44.0020106],[-70.2143468,44.0020132],[-70.2143512,44.0020158],[-70.2143556,44.0020184],[-70.2143601,44.002021],[-70.2143645,44.0020236],[-70.2143689,44.0020262],[-70.2143734,44.0020288],[-70.2143778,44.0020314],[-70.2143822,44.002034],[-70.2143867,44.0020365],[-70.2143911,44.0020392],[-70.2143956,44.0020417],[-70.2144,44.0020443],[-70.2144044,44.002047],[-70.2144089,44.0020496],[-70.2144133,44.0020521],[-70.2144177,44.0020547],[-70.2144222,44.0020574],[-70.2144266,44.00206],[-70.2144311,44.0020625],[-70.2144355,44.0020651],[-70.2144399,44.0020678],[-70.2144444,44.0020703],[-70.2144488,44.0020729],[-70.2144533,44.0020755],[-70.2144577,44.0020781],[-70.2144621,44.0020807],[-70.2144665,44.0020833],[-70.2144709,44.0020859],[-70.2144753,44.0020885],[-70.2144798,44.0020911],[-70.2144842,44.0020936],[-70.2144886,44.0020962],[-70.214493,44.0020988],[-70.2144974,44.0021014],[-70.2145019,44.0021039],[-70.2145063,44.0021065],[-70.2145107,44.0021091],[-70.2145151,44.0021117],[-70.2145196,44.0021142],[-70.214524,44.0021168],[-70.2145284,44.0021194],[-70.2145328,44.002122],[-70.2145373,44.0021245],[-70.2145417,44.0021271],[-70.2145462,44.0021297],[-70.2145506,44.0021322],[-70.214555,44.0021348],[-70.2145595,44.0021373],[-70.2145639,44.0021399],[-70.2145683,44.0021425],[-70.2145728,44.002145],[-70.2145772,44.0021476],[-70.2145817,44.0021501],[-70.2145861,44.0021527],[-70.2145905,44.0021553],[-70.214595,44.0021578],[-70.2145994,44.0021604],[-70.2146039,44.0021629],[-70.2146083,44.0021655],[-70.2146128,44.002168],[-70.2146172,44.0021706],[-70.2146217,44.0021731],[-70.2146261,44.0021757],[-70.2146306,44.0021782],[-70.214635,44.0021808],[-70.2146395,44.0021833],[-70.2146439,44.0021859],[-70.2146484,44.0021884],[-70.2146529,44.002191],[-70.2146573,44.0021935],[-70.2146618,44.002196],[-70.2146662,44.0021986],[-70.2146707,44.0022011],[-70.2146752,44.0022037],[-70.2146796,44.0022062],[-70.2146841,44.0022087],[-70.2146886,44.0022113],[-70.214693,44.0022138],[-70.2146975,44.0022163],[-70.214702,44.0022189],[-70.2147065,44.0022214],[-70.2147109,44.0022239],[-70.2147154,44.0022265],[-70.2147199,44.002229],[-70.2147243,44.0022315],[-70.2147288,44.002234],[-70.2147333,44.0022366],[-70.2147378,44.0022391],[-70.2147423,44.0022416],[-70.2147467,44.0022442],[-70.2147512,44.0022467],[-70.2147557,44.0022492],[-70.2147602,44.0022517],[-70.2147647,44.0022542],[-70.2147692,44.0022568],[-70.2147736,44.0022593],[-70.2147781,44.0022618],[-70.2147826,44.0022643],[-70.2147871,44.0022668],[-70.2147916,44.0022693],[-70.2147961,44.0022718],[-70.2148006,44.0022744],[-70.2148051,44.0022769],[-70.2148096,44.0022794],[-70.2148141,44.0022819],[-70.2148186,44.0022844],[-70.2148231,44.0022869],[-70.2148276,44.0022894],[-70.2148321,44.0022919],[-70.2148366,44.0022944],[-70.2148411,44.0022969],[-70.2148456,44.0022994],[-70.2148501,44.0023019],[-70.2148546,44.0023044],[-70.2148591,44.0023069],[-70.2148636,44.0023094],[-70.2148681,44.0023119],[-70.2148726,44.0023144],[-70.2148771,44.0023169],[-70.2148816,44.0023194],[-70.2148862,44.0023219],[-70.2148907,44.0023244],[-70.2148952,44.0023269],[-70.2148997,44.0023294],[-70.2149042,44.0023318],[-70.2149087,44.0023343],[-70.2149133,44.0023368],[-70.2149178,44.0023393],[-70.2149223,44.0023418],[-70.2149268,44.0023443],[-70.2149313,44.0023468],[-70.2149359,44.0023493],[-70.2149404,44.0023517],[-70.2149449,44.0023542],[-70.2149495,44.0023567],[-70.214954,44.0023592],[-70.2149585,44.0023616],[-70.214963,44.0023641],[-70.2149676,44.0023666],[-70.2149721,44.0023691],[-70.2149766,44.0023715],[-70.2149812,44.002374],[-70.2149857,44.0023765],[-70.2149902,44.002379],[-70.2149948,44.0023814],[-70.2149993,44.0023839],[-70.2150039,44.0023864],[-70.2150084,44.0023888],[-70.2150129,44.0023913],[-70.2150175,44.0023938],[-70.215022,44.0023962],[-70.2150266,44.0023987],[-70.2150311,44.0024012],[-70.2150357,44.0024036],[-70.2150402,44.0024061],[-70.2150448,44.0024085],[-70.2150493,44.002411],[-70.2150539,44.0024135],[-70.2150584,44.0024159],[-70.215063,44.0024184],[-70.2150675,44.0024208],[-70.2150721,44.0024233],[-70.2150766,44.0024257],[-70.2150812,44.0024282],[-70.2150857,44.0024306],[-70.2150903,44.0024331],[-70.2150948,44.0024355],[-70.2150994,44.002438],[-70.215104,44.0024404],[-70.2151085,44.0024429],[-70.2151131,44.0024453],[-70.2151177,44.0024478],[-70.2151222,44.0024502],[-70.2151268,44.0024526],[-70.2151314,44.0024551],[-70.2151359,44.0024575],[-70.2151405,44.00246],[-70.2151451,44.0024624],[-70.2151496,44.0024648],[-70.2151542,44.0024673],[-70.2151588,44.0024697],[-70.2151634,44.0024721],[-70.2151679,44.0024746],[-70.2151725,44.002477],[-70.2151771,44.0024794],[-70.2151818,44.0024819],[-70.2151864,44.0024844],[-70.2151911,44.0024869],[-70.2151958,44.0024893],[-70.2152004,44.0024918],[-70.2152051,44.0024943],[-70.2152097,44.0024968],[-70.2152144,44.0024992],[-70.2152191,44.0025017],[-70.2152237,44.0025042],[-70.2152284,44.0025067],[-70.215233,44.0025091],[-70.2152377,44.0025116],[-70.2152424,44.0025141],[-70.215247,44.0025166],[-70.2152517,44.002519],[-70.2152564,44.0025215],[-70.215261,44.002524],[-70.2152657,44.0025265],[-70.2152704,44.0025289],[-70.215275,44.0025314],[-70.2152797,44.0025339],[-70.2152844,44.0025364],[-70.215289,44.0025388],[-70.2152937,44.0025413],[-70.2152983,44.0025438],[-70.215303,44.0025463],[-70.2153077,44.0025488],[-70.2153123,44.0025512],[-70.215317,44.0025537],[-70.2153217,44.0025562],[-70.2153263,44.0025586],[-70.215331,44.0025611],[-70.2153356,44.0025636],[-70.2153403,44.0025661],[-70.215345,44.0025685],[-70.2153496,44.002571],[-70.2153543,44.0025735],[-70.215359,44.002576],[-70.2153636,44.0025785],[-70.2153683,44.0025809],[-70.215373,44.0025834],[-70.2153776,44.0025859],[-70.2153823,44.0025884],[-70.2153869,44.0025908],[-70.2153916,44.0025933],[-70.2153963,44.0025958],[-70.2154009,44.0025982],[-70.2154056,44.0026007],[-70.2154103,44.0026032],[-70.2154149,44.0026057],[-70.2154196,44.0026082],[-70.2154242,44.0026106],[-70.2154289,44.0026131],[-70.2154336,44.0026156],[-70.2154382,44.0026181],[-70.2154429,44.0026205],[-70.2154476,44.002623],[-70.2154522,44.0026255],[-70.2154569,44.002628],[-70.2154616,44.0026304],[-70.2154662,44.0026329],[-70.2154708,44.0026353],[-70.2154754,44.0026378],[-70.21548,44.0026402],[-70.2154846,44.0026426],[-70.2154892,44.0026451],[-70.2154938,44.0026475],[-70.2154984,44.0026499],[-70.215503,44.0026523],[-70.2155075,44.0026547],[-70.2155121,44.0026572],[-70.2155168,44.0026596],[-70.2155214,44.002662],[-70.215526,44.0026644],[-70.2155306,44.0026668],[-70.2155352,44.0026692],[-70.2155398,44.0026717],[-70.2155444,44.0026741],[-70.215549,44.0026765],[-70.2155536,44.0026789],[-70.2155583,44.0026813],[-70.2155629,44.0026837],[-70.2155675,44.0026861],[-70.2155721,44.0026885],[-70.2155767,44.0026909],[-70.2155814,44.0026933],[-70.215586,44.0026956],[-70.2155906,44.002698],[-70.2155953,44.0027004],[-70.2155999,44.0027028],[-70.2156045,44.0027052],[-70.2156092,44.0027076],[-70.2156138,44.00271],[-70.2156184,44.0027124],[-70.2156231,44.0027147],[-70.2156277,44.0027171],[-70.2156324,44.0027195],[-70.215637,44.0027219],[-70.2156417,44.0027242],[-70.2156463,44.0027266],[-70.215651,44.002729],[-70.2156556,44.0027313],[-70.2156524,44.0027347],[-70.2156492,44.0027381],[-70.2156459,44.0027415],[-70.2156427,44.0027449],[-70.2156394,44.0027483],[-70.2156362,44.0027517],[-70.215633,44.0027551],[-70.2156298,44.0027585],[-70.2156265,44.0027618],[-70.2156233,44.0027652],[-70.21562,44.0027686],[-70.2156168,44.002772],[-70.2156136,44.0027754],[-70.2156103,44.0027788],[-70.2156071,44.0027822],[-70.2156039,44.0027856],[-70.2156006,44.002789],[-70.2155974,44.0027923],[-70.2155942,44.0027957],[-70.2155909,44.0027991],[-70.2155877,44.0028025],[-70.2155845,44.0028059],[-70.2155812,44.0028093],[-70.215578,44.0028127],[-70.2155748,44.0028161],[-70.2155715,44.0028195],[-70.2155683,44.0028229],[-70.2155651,44.0028262],[-70.2155618,44.0028296],[-70.2155586,44.002833],[-70.2155554,44.0028364],[-70.2155521,44.0028398],[-70.2155489,44.0028432],[-70.2155457,44.0028466],[-70.2155424,44.00285],[-70.2155392,44.0028534],[-70.215536,44.0028567],[-70.2155327,44.0028601],[-70.2155295,44.0028635],[-70.2155263,44.0028669],[-70.215523,44.0028703],[-70.2155198,44.0028737],[-70.2155166,44.0028771],[-70.2155133,44.0028805],[-70.2155101,44.0028839],[-70.2155068,44.0028872],[-70.2155036,44.0028906],[-70.2155004,44.002894],[-70.2154972,44.0028974],[-70.2154939,44.0029008],[-70.2154907,44.0029042],[-70.2154874,44.0029076],[-70.2154842,44.002911],[-70.215481,44.0029144],[-70.2154777,44.0029178],[-70.2154745,44.0029211],[-70.2154713,44.0029245],[-70.215468,44.0029279],[-70.2154648,44.0029313],[-70.2154616,44.0029347],[-70.2154583,44.0029381],[-70.2154551,44.0029415],[-70.2154519,44.0029449],[-70.2154486,44.0029483],[-70.2154454,44.0029516],[-70.2154422,44.002955],[-70.2154389,44.0029584],[-70.2154357,44.0029618],[-70.2154325,44.0029652],[-70.2154292,44.0029686],[-70.215426,44.002972],[-70.2154228,44.0029754],[-70.2154195,44.0029788],[-70.2154163,44.0029822],[-70.2154131,44.0029855],[-70.2154098,44.0029889],[-70.2154066,44.0029923],[-70.2154034,44.0029957],[-70.2154001,44.0029991],[-70.2153969,44.0030025],[-70.2153936,44.0030059],[-70.2153904,44.0030093],[-70.2153872,44.0030127],[-70.215384,44.003016],[-70.2153807,44.0030194],[-70.2153775,44.0030228],[-70.2153742,44.0030262],[-70.215371,44.0030296],[-70.2153678,44.003033],[-70.2153646,44.0030364],[-70.2153613,44.0030398],[-70.2153581,44.0030432],[-70.2153548,44.0030466],[-70.2153516,44.0030499],[-70.2153484,44.0030533],[-70.2153451,44.0030567],[-70.2153419,44.0030601],[-70.2153387,44.0030635],[-70.2153354,44.0030669],[-70.2153322,44.0030703],[-70.215329,44.0030737],[-70.2153257,44.0030771],[-70.2153225,44.0030804],[-70.2153193,44.0030838],[-70.215316,44.0030872],[-70.2153128,44.0030906],[-70.2153096,44.003094],[-70.2153063,44.0030974],[-70.2153031,44.0031008],[-70.2152999,44.0031042],[-70.2152966,44.0031076],[-70.2152934,44.0031109],[-70.2152902,44.0031143],[-70.2152869,44.0031177],[-70.2152837,44.0031211],[-70.2152805,44.0031245],[-70.2152772,44.0031279],[-70.215274,44.0031313],[-70.2152708,44.0031347],[-70.2152675,44.0031381],[-70.2152643,44.0031415],[-70.215261,44.0031448],[-70.2152578,44.0031482],[-70.2152546,44.0031516],[-70.2152514,44.003155],[-70.2152481,44.0031584],[-70.2152449,44.0031618],[-70.2152416,44.0031652],[-70.2152384,44.0031686],[-70.2152352,44.003172],[-70.2152319,44.0031753],[-70.2152287,44.0031787],[-70.2152255,44.0031821],[-70.2152222,44.0031855],[-70.215219,44.0031889],[-70.2152158,44.0031923],[-70.2152125,44.0031957],[-70.2152093,44.0031991],[-70.2152061,44.0032025],[-70.2152028,44.0032059],[-70.2151996,44.0032092],[-70.2151964,44.0032126],[-70.2151931,44.003216],[-70.2151899,44.0032194],[-70.2151867,44.0032228],[-70.2151834,44.0032262],[-70.2151802,44.0032296],[-70.215177,44.003233],[-70.2151737,44.0032364],[-70.2151705,44.0032397],[-70.2151673,44.0032431],[-70.215164,44.0032465],[-70.2151608,44.0032499],[-70.2151576,44.0032533],[-70.2151543,44.0032567],[-70.2151511,44.0032601],[-70.2151478,44.0032635],[-70.2151446,44.0032669],[-70.2151414,44.0032702],[-70.2151382,44.0032736],[-70.2151349,44.003277],[-70.2151317,44.0032804],[-70.2151284,44.0032838],[-70.2151252,44.0032872],[-70.215122,44.0032906],[-70.2151187,44.003294],[-70.2151155,44.0032974],[-70.2151123,44.0033008],[-70.215109,44.0033041],[-70.2151058,44.0033075],[-70.2151026,44.0033109],[-70.2150993,44.0033143],[-70.2150961,44.0033177],[-70.2150929,44.0033211],[-70.2150896,44.0033245],[-70.2150864,44.0033279],[-70.2150832,44.0033313],[-70.2150799,44.0033346],[-70.2150767,44.003338],[-70.2150735,44.0033414],[-70.2150702,44.0033448],[-70.215067,44.0033482],[-70.2150638,44.0033516],[-70.2150605,44.003355],[-70.2150573,44.0033584],[-70.2150541,44.0033618],[-70.2150508,44.0033652],[-70.2150476,44.0033685],[-70.2150444,44.0033719],[-70.2150411,44.0033753],[-70.2150379,44.0033787],[-70.2150347,44.0033821],[-70.2150314,44.0033855],[-70.2150282,44.0033889],[-70.215025,44.0033923],[-70.2150217,44.0033957],[-70.2150185,44.003399],[-70.2150152,44.0034024],[-70.215012,44.0034058],[-70.2150088,44.0034092],[-70.2150055,44.0034126],[-70.2150023,44.003416],[-70.2149991,44.0034194],[-70.2149958,44.0034228],[-70.2149926,44.0034262],[-70.2149894,44.0034295],[-70.2149861,44.0034329],[-70.2149829,44.0034363],[-70.2149797,44.0034397],[-70.2149764,44.0034431],[-70.2149732,44.0034465],[-70.21497,44.0034499],[-70.2149667,44.0034533],[-70.2149635,44.0034567],[-70.2149603,44.0034601],[-70.214957,44.0034634],[-70.2149538,44.0034668],[-70.2149506,44.0034702],[-70.2149473,44.0034736],[-70.2149441,44.003477],[-70.2149409,44.0034804],[-70.2149376,44.0034838],[-70.2149344,44.0034872],[-70.2149312,44.0034906],[-70.2149279,44.0034939],[-70.2149247,44.0034973],[-70.2149215,44.0035007],[-70.2149182,44.0035041],[-70.214915,44.0035075],[-70.2149117,44.0035109],[-70.2149085,44.0035143],[-70.2149053,44.0035177],[-70.2149021,44.0035211],[-70.2148988,44.0035245],[-70.2148956,44.0035278],[-70.2148923,44.0035312],[-70.2148891,44.0035346],[-70.2148859,44.003538],[-70.2148826,44.0035414],[-70.2148794,44.0035448],[-70.2148762,44.0035482],[-70.2148729,44.0035516],[-70.2148697,44.003555],[-70.2148665,44.0035583],[-70.2148632,44.0035617],[-70.21486,44.0035651],[-70.2148568,44.0035685],[-70.2148535,44.0035719],[-70.2148503,44.0035753],[-70.2148471,44.0035787],[-70.2148438,44.0035821],[-70.2148406,44.0035855],[-70.2148374,44.0035888],[-70.2148341,44.0035922],[-70.2148309,44.0035956],[-70.2148277,44.003599],[-70.2148244,44.0036024],[-70.2148212,44.0036058],[-70.214818,44.0036092],[-70.2148147,44.0036126],[-70.2148115,44.003616],[-70.2148083,44.0036194],[-70.214805,44.0036227],[-70.2148018,44.0036261],[-70.2147985,44.0036295],[-70.2147953,44.0036329],[-70.2147921,44.0036363],[-70.2147889,44.0036397],[-70.2147856,44.0036431],[-70.2147824,44.0036465],[-70.2147791,44.0036499],[-70.2147759,44.0036532],[-70.2147727,44.0036566],[-70.2147694,44.00366],[-70.2147662,44.0036634],[-70.214763,44.0036668],[-70.2147597,44.0036702],[-70.2147565,44.0036736],[-70.2147533,44.003677],[-70.21475,44.0036804],[-70.2147468,44.0036838],[-70.2147436,44.0036871],[-70.2147403,44.0036905],[-70.2147371,44.0036939],[-70.2147339,44.0036973],[-70.2147306,44.0037007],[-70.2147274,44.0037041],[-70.2147242,44.0037075],[-70.2147209,44.0037109],[-70.2147177,44.0037143],[-70.2147145,44.0037176],[-70.2147112,44.003721],[-70.214708,44.0037244],[-70.2147048,44.0037278],[-70.2147015,44.0037312],[-70.2146983,44.0037346],[-70.2146951,44.003738],[-70.2146918,44.0037414],[-70.2146886,44.0037448],[-70.2146853,44.0037481],[-70.2146821,44.0037515],[-70.2146789,44.0037549],[-70.2146757,44.0037583],[-70.2146724,44.0037617],[-70.2146692,44.0037651],[-70.2146659,44.0037685],[-70.2146627,44.0037719],[-70.2146595,44.0037753],[-70.2146562,44.0037787],[-70.214653,44.003782],[-70.2146498,44.0037854],[-70.2146465,44.0037888],[-70.2146433,44.0037922],[-70.2146401,44.0037956],[-70.2146368,44.003799],[-70.2146336,44.0038024],[-70.2146304,44.0038058],[-70.2146271,44.0038092],[-70.2146239,44.0038125],[-70.2146207,44.0038159],[-70.2146174,44.0038193],[-70.2146142,44.0038227],[-70.214611,44.0038261],[-70.2146077,44.0038295],[-70.2146045,44.0038329],[-70.2146013,44.0038363],[-70.214598,44.0038397],[-70.2145948,44.0038431],[-70.2145916,44.0038464],[-70.2145883,44.0038498],[-70.2145851,44.0038532],[-70.2145819,44.0038566],[-70.2145786,44.00386],[-70.2145754,44.0038634],[-70.2145721,44.0038668],[-70.2145689,44.0038702],[-70.2145657,44.0038736],[-70.2145625,44.0038769],[-70.2145592,44.0038803],[-70.214556,44.0038837],[-70.2145527,44.0038871],[-70.2145495,44.0038905],[-70.2145463,44.0038939],[-70.214543,44.0038973],[-70.2145398,44.0039007],[-70.2145366,44.0039041],[-70.2145333,44.0039074],[-70.2145301,44.0039108],[-70.2145269,44.0039142],[-70.2145236,44.0039176],[-70.2145204,44.003921],[-70.2145172,44.0039244],[-70.2145139,44.0039278],[-70.2145107,44.0039312],[-70.2145075,44.0039346],[-70.2145042,44.003938],[-70.214501,44.0039413],[-70.2144978,44.0039447],[-70.2144945,44.0039481],[-70.2144913,44.0039515],[-70.2144881,44.0039549],[-70.2144848,44.0039583],[-70.2144816,44.0039617],[-70.2144784,44.0039651],[-70.2144751,44.0039685],[-70.2144719,44.0039718],[-70.2144687,44.0039752],[-70.2144654,44.0039786],[-70.2144622,44.003982],[-70.2144589,44.0039854],[-70.2144557,44.0039888],[-70.2144525,44.0039922],[-70.2144493,44.0039956],[-70.214446,44.003999],[-70.2144428,44.0040024],[-70.2144395,44.0040057],[-70.2144363,44.0040091],[-70.2144331,44.0040125],[-70.2144298,44.0040159],[-70.2144266,44.0040193],[-70.214422,44.0040169],[-70.2144174,44.0040144],[-70.2144128,44.004012],[-70.2144082,44.0040096],[-70.2144036,44.0040071],[-70.214399,44.0040047],[-70.2143944,44.0040023],[-70.2143898,44.0039998],[-70.2143852,44.0039974],[-70.2143806,44.003995],[-70.214376,44.0039925],[-70.2143714,44.0039901],[-70.2143668,44.0039877],[-70.2143622,44.0039852],[-70.2143576,44.0039828],[-70.214353,44.0039804],[-70.2143484,44.0039779],[-70.2143438,44.0039755],[-70.2143392,44.0039731],[-70.2143346,44.0039707],[-70.21433,44.0039682],[-70.2143254,44.0039658],[-70.2143208,44.0039634],[-70.2143162,44.0039609],[-70.2143116,44.0039585],[-70.214307,44.0039561],[-70.2143024,44.0039536],[-70.2142978,44.0039512],[-70.2142932,44.0039488],[-70.2142886,44.0039463],[-70.214284,44.0039439],[-70.2142794,44.0039415],[-70.2142748,44.003939],[-70.2142702,44.0039366],[-70.2142656,44.0039342],[-70.214261,44.0039317],[-70.2142564,44.0039293],[-70.2142518,44.0039269],[-70.2142472,44.0039244],[-70.2142426,44.003922],[-70.214238,44.0039196],[-70.2142334,44.0039172],[-70.2142288,44.0039147],[-70.2142242,44.0039123],[-70.2142196,44.0039099],[-70.214215,44.0039074],[-70.2142104,44.003905],[-70.2142058,44.0039026],[-70.2142012,44.0039001],[-70.2141966,44.0038977],[-70.214192,44.0038953],[-70.2141874,44.0038928],[-70.2141828,44.0038904],[-70.2141782,44.003888],[-70.2141736,44.0038855],[-70.214169,44.0038831],[-70.2141644,44.0038807],[-70.2141598,44.0038782],[-70.2141552,44.0038758],[-70.2141506,44.0038734],[-70.214146,44.0038709],[-70.2141414,44.0038685],[-70.2141368,44.0038661],[-70.2141322,44.0038637],[-70.2141276,44.0038612],[-70.214123,44.0038588],[-70.2141184,44.0038564],[-70.2141138,44.0038539],[-70.2141092,44.0038515],[-70.2141046,44.0038491],[-70.2141,44.0038466],[-70.2140954,44.0038442],[-70.2140908,44.0038418],[-70.2140862,44.0038393],[-70.2140816,44.0038369],[-70.214077,44.0038345],[-70.2140724,44.003832],[-70.2140678,44.0038296],[-70.2140632,44.0038272],[-70.2140586,44.0038247],[-70.214054,44.0038223],[-70.2140494,44.0038199],[-70.2140448,44.0038174],[-70.2140402,44.003815],[-70.2140356,44.0038126],[-70.2140309,44.0038102],[-70.2140263,44.0038077],[-70.2140218,44.0038053],[-70.2140172,44.0038029],[-70.2140126,44.0038004],[-70.2140079,44.003798],[-70.2140033,44.0037956],[-70.2139988,44.0037931],[-70.2139942,44.0037907],[-70.2139895,44.0037883],[-70.2139849,44.0037858],[-70.2139803,44.0037834],[-70.2139758,44.003781],[-70.2139712,44.0037785],[-70.2139665,44.0037761],[-70.2139619,44.0037737],[-70.2139573,44.0037712],[-70.2139527,44.0037688],[-70.2139481,44.0037664],[-70.2139435,44.0037639],[-70.2139389,44.0037615],[-70.2139343,44.0037591],[-70.2139297,44.0037567],[-70.2139251,44.0037542],[-70.2139205,44.0037518],[-70.2139159,44.0037494],[-70.2139113,44.0037469],[-70.2139067,44.0037445],[-70.2139021,44.0037421],[-70.2138975,44.0037396],[-70.2138929,44.0037372],[-70.2138883,44.0037348],[-70.2138837,44.0037323],[-70.2138791,44.0037299],[-70.2138745,44.0037275],[-70.2138699,44.003725],[-70.2138653,44.0037226],[-70.2138607,44.0037202],[-70.2138561,44.0037177],[-70.2138515,44.0037153],[-70.2138469,44.0037129],[-70.2138423,44.0037104],[-70.2138377,44.003708],[-70.2138331,44.0037056],[-70.2138285,44.0037032],[-70.2138239,44.0037007],[-70.2138193,44.0036983],[-70.2138147,44.0036959],[-70.2138101,44.0036934],[-70.2138055,44.003691],[-70.2138009,44.0036886],[-70.2137963,44.0036861],[-70.2137917,44.0036837],[-70.2137871,44.0036813],[-70.2137825,44.0036788],[-70.2137779,44.0036764],[-70.2137733,44.003674],[-70.2137687,44.0036715],[-70.2137641,44.0036691],[-70.2137595,44.0036667],[-70.2137549,44.0036642],[-70.2137503,44.0036618],[-70.2137457,44.0036594],[-70.2137411,44.003657],[-70.2137365,44.0036545],[-70.2137319,44.0036521],[-70.2137273,44.0036497],[-70.2137227,44.0036472],[-70.2137181,44.0036448],[-70.2137135,44.0036424],[-70.2137089,44.0036399],[-70.2137043,44.0036375],[-70.2136997,44.0036351],[-70.2136951,44.0036326],[-70.2136905,44.0036302],[-70.2136859,44.0036278],[-70.2136813,44.0036253],[-70.2136767,44.0036229],[-70.2136721,44.0036205],[-70.2136675,44.0036181],[-70.2136629,44.0036156],[-70.2136583,44.0036132],[-70.2136537,44.0036107],[-70.2136491,44.0036083],[-70.2136445,44.0036059],[-70.2136399,44.0036035],[-70.2136353,44.003601],[-70.2136307,44.0035986],[-70.2136261,44.0035962],[-70.2136215,44.0035937],[-70.2136169,44.0035913],[-70.2136123,44.0035889],[-70.2136077,44.0035864],[-70.2136031,44.003584],[-70.2135985,44.0035816],[-70.2135939,44.0035791],[-70.2135893,44.0035767],[-70.2135847,44.0035743],[-70.2135801,44.0035718],[-70.2135755,44.0035694],[-70.2135709,44.003567],[-70.2135663,44.0035646],[-70.2135617,44.0035621],[-70.2135571,44.0035597],[-70.2135525,44.0035573],[-70.2135479,44.0035548],[-70.2135433,44.0035524],[-70.2135387,44.00355],[-70.2135341,44.0035475],[-70.2135295,44.0035451],[-70.2135249,44.0035427],[-70.2135203,44.0035402],[-70.2135157,44.0035378],[-70.2135111,44.0035354],[-70.2135065,44.0035329],[-70.2135019,44.0035305],[-70.2134973,44.0035281],[-70.2134927,44.0035256],[-70.2134881,44.0035232],[-70.2134835,44.0035208],[-70.2134789,44.0035183],[-70.2134743,44.0035159],[-70.2134697,44.0035135],[-70.2134651,44.0035111],[-70.2134605,44.0035086],[-70.2134559,44.0035062],[-70.2134513,44.0035038],[-70.2134467,44.0035013],[-70.2134421,44.0034989],[-70.2134375,44.0034965],[-70.2134329,44.003494],[-70.2134283,44.0034916],[-70.2134237,44.0034892],[-70.2134191,44.0034867],[-70.2134145,44.0034843],[-70.2134099,44.0034819],[-70.2134053,44.0034794],[-70.2134007,44.003477],[-70.2133961,44.0034746],[-70.2133915,44.0034721],[-70.2133869,44.0034697],[-70.2133823,44.0034673],[-70.2133777,44.0034648],[-70.2133731,44.0034624],[-70.2133685,44.00346],[-70.2133639,44.0034576],[-70.2133593,44.0034551],[-70.2133547,44.0034527],[-70.2133501,44.0034503],[-70.2133455,44.0034478],[-70.2133409,44.0034454],[-70.2133363,44.003443],[-70.2133317,44.0034405],[-70.2133271,44.0034381],[-70.2133225,44.0034357],[-70.2133179,44.0034332],[-70.2133133,44.0034308],[-70.2133087,44.0034284],[-70.2133041,44.0034259],[-70.2132995,44.0034235],[-70.2132949,44.0034211],[-70.2132903,44.0034186],[-70.2132857,44.0034162],[-70.2132811,44.0034138],[-70.2132765,44.0034113],[-70.2132719,44.0034089],[-70.2132673,44.0034065],[-70.2132627,44.0034041],[-70.2132581,44.0034016],[-70.2132535,44.0033992],[-70.2132489,44.0033968],[-70.2132443,44.0033943],[-70.2132397,44.0033919],[-70.2132351,44.0033895],[-70.2132305,44.003387],[-70.2132259,44.0033846],[-70.2132213,44.0033822],[-70.2132167,44.0033797],[-70.2132121,44.0033773],[-70.2132074,44.0033749],[-70.2132029,44.0033724],[-70.2131983,44.00337],[-70.2131936,44.0033676],[-70.213189,44.0033651],[-70.2131844,44.0033627],[-70.2131799,44.0033603],[-70.2131753,44.0033578],[-70.2131706,44.0033554],[-70.213166,44.003353],[-70.2131615,44.0033506],[-70.2131569,44.0033481],[-70.2131522,44.0033457],[-70.2131476,44.0033433],[-70.213143,44.0033408],[-70.2131385,44.0033384],[-70.2131339,44.003336],[-70.2131292,44.0033335],[-70.2131246,44.0033311],[-70.2131201,44.0033287],[-70.2131154,44.0033262],[-70.2131108,44.0033238],[-70.2131062,44.0033214],[-70.2131016,44.0033189],[-70.213097,44.0033165],[-70.2130924,44.0033141],[-70.2130878,44.0033116],[-70.2130832,44.0033092],[-70.2130786,44.0033068],[-70.213074,44.0033043],[-70.2130694,44.0033019],[-70.2130648,44.0032995],[-70.2130602,44.0032971],[-70.2130556,44.0032946],[-70.213051,44.0032922],[-70.2130464,44.0032898],[-70.2130418,44.0032873],[-70.2130372,44.0032849],[-70.2130326,44.0032825],[-70.213028,44.00328],[-70.2130234,44.0032776],[-70.2130188,44.0032752],[-70.2130142,44.0032727],[-70.2130096,44.0032703],[-70.213005,44.0032679],[-70.2130004,44.0032654],[-70.2129958,44.003263],[-70.2129912,44.0032606],[-70.2129866,44.0032581],[-70.212982,44.0032557],[-70.2129774,44.0032533],[-70.2129728,44.0032508],[-70.2129682,44.0032484],[-70.2129636,44.003246],[-70.212959,44.0032435],[-70.2129544,44.0032411],[-70.2129498,44.0032387],[-70.2129452,44.0032363],[-70.2129406,44.0032338],[-70.212936,44.0032314],[-70.2129314,44.003229],[-70.2129268,44.0032265],[-70.2129222,44.0032241],[-70.2129176,44.0032217],[-70.212913,44.0032192],[-70.2129084,44.0032168],[-70.2129038,44.0032144],[-70.2128992,44.0032119],[-70.2128946,44.0032095],[-70.21289,44.0032071],[-70.2128854,44.0032046],[-70.2128808,44.0032022],[-70.2128762,44.0031998],[-70.2128716,44.0031973],[-70.212867,44.0031949],[-70.2128624,44.0031925],[-70.2128578,44.00319],[-70.2128532,44.0031876],[-70.2128486,44.0031852],[-70.212844,44.0031828],[-70.2128394,44.0031803],[-70.2128348,44.0031779],[-70.2128302,44.0031755],[-70.2128256,44.003173],[-70.212821,44.0031706],[-70.2128164,44.0031682],[-70.2128118,44.0031657],[-70.2128072,44.0031633],[-70.2128026,44.0031609],[-70.212798,44.0031584],[-70.2127934,44.003156],[-70.2127888,44.0031536],[-70.2127842,44.0031511],[-70.2127796,44.0031487],[-70.212775,44.0031463],[-70.2127704,44.0031438],[-70.2127658,44.0031414],[-70.2127612,44.003139],[-70.2127566,44.0031365],[-70.212752,44.0031341],[-70.2127474,44.0031317],[-70.2127428,44.0031293],[-70.2127382,44.0031268],[-70.2127336,44.0031244],[-70.212729,44.003122],[-70.2127244,44.0031195],[-70.2127198,44.0031171],[-70.2127152,44.0031147],[-70.2127106,44.0031122],[-70.212706,44.0031098],[-70.2127014,44.0031074],[-70.2126968,44.0031049],[-70.2126922,44.0031025],[-70.2126876,44.0031001],[-70.212683,44.0030976],[-70.2126784,44.0030952],[-70.2126738,44.0030928],[-70.2126692,44.0030903],[-70.2126646,44.0030879],[-70.21266,44.0030855],[-70.2126554,44.003083],[-70.2126508,44.0030806],[-70.2126462,44.0030782],[-70.2126416,44.0030758],[-70.212637,44.0030733],[-70.2126324,44.0030709],[-70.2126278,44.0030685],[-70.2126232,44.003066],[-70.2126186,44.0030636],[-70.212614,44.0030612],[-70.2126094,44.0030587],[-70.2126048,44.0030563],[-70.2126002,44.0030539],[-70.2125956,44.0030514],[-70.212591,44.003049],[-70.2125864,44.0030466],[-70.2125818,44.0030441],[-70.2125772,44.0030417],[-70.2125726,44.0030393],[-70.212568,44.0030368],[-70.2125634,44.0030344],[-70.2125588,44.003032],[-70.2125542,44.0030295],[-70.2125496,44.0030271],[-70.212545,44.0030247],[-70.2125404,44.0030223],[-70.2125358,44.0030198],[-70.2125312,44.0030174],[-70.2125266,44.003015],[-70.212522,44.0030125],[-70.2125174,44.0030101],[-70.2125128,44.0030077],[-70.2125082,44.0030052],[-70.2125036,44.0030028],[-70.212499,44.0030004],[-70.2124944,44.0029979],[-70.2124898,44.0029955],[-70.2124852,44.0029931],[-70.2124806,44.0029906],[-70.212476,44.0029882],[-70.2124714,44.0029858],[-70.2124668,44.0029833],[-70.2124622,44.0029809],[-70.2124576,44.0029785],[-70.212453,44.002976],[-70.2124484,44.0029736],[-70.2124438,44.0029712],[-70.2124392,44.0029688],[-70.2124346,44.0029663],[-70.21243,44.0029639],[-70.2124254,44.0029615],[-70.2124208,44.002959],[-70.2124162,44.0029566],[-70.2124116,44.0029542],[-70.212407,44.0029517],[-70.2124024,44.0029493],[-70.2123978,44.0029469],[-70.2123932,44.0029444],[-70.2123886,44.002942],[-70.212384,44.0029396],[-70.2123794,44.0029371],[-70.2123748,44.0029347],[-70.2123702,44.0029323],[-70.2123656,44.0029298],[-70.212361,44.0029274],[-70.2123564,44.002925],[-70.2123518,44.0029225],[-70.2123472,44.0029201],[-70.2123426,44.0029177],[-70.212338,44.0029152],[-70.2123334,44.0029128],[-70.2123288,44.0029104],[-70.2123242,44.002908],[-70.2123196,44.0029055],[-70.212315,44.0029031],[-70.2123104,44.0029007],[-70.2123058,44.0028982],[-70.2123012,44.0028958],[-70.2122966,44.0028934],[-70.212292,44.0028909],[-70.2122874,44.0028885],[-70.2122828,44.0028861],[-70.2122782,44.0028836],[-70.2122736,44.0028812],[-70.212269,44.0028788],[-70.2122644,44.0028763],[-70.2122598,44.0028739],[-70.2122552,44.0028715],[-70.2122505,44.002869],[-70.2122459,44.0028666],[-70.2122413,44.0028642],[-70.2122368,44.0028617],[-70.2122322,44.0028593],[-70.2122275,44.0028569],[-70.2122229,44.0028545],[-70.2122184,44.002852],[-70.2122138,44.0028496],[-70.2122092,44.0028472],[-70.2122045,44.0028447],[-70.2121999,44.0028423],[-70.2121954,44.0028399],[-70.2121908,44.0028374],[-70.2121861,44.002835],[-70.2121815,44.0028326],[-70.2121769,44.0028301],[-70.2121724,44.0028277],[-70.2121678,44.0028253],[-70.2121631,44.0028228],[-70.2121585,44.0028204],[-70.212154,44.002818],[-70.2121494,44.0028155],[-70.2121447,44.0028131],[-70.2121401,44.0028107],[-70.2121355,44.0028082],[-70.2121309,44.0028058],[-70.2121263,44.0028034],[-70.2121217,44.002801],[-70.2121171,44.0027985],[-70.2121125,44.0027961],[-70.2121079,44.0027937],[-70.2121033,44.0027912],[-70.2120987,44.0027888],[-70.2120941,44.0027864],[-70.2120895,44.0027839],[-70.2120849,44.0027815],[-70.2120803,44.0027791],[-70.2120757,44.0027766],[-70.2120711,44.0027742],[-70.2120665,44.0027718],[-70.2120619,44.0027693],[-70.2120573,44.0027669],[-70.2120527,44.0027645],[-70.2120481,44.002762],[-70.2120435,44.0027596],[-70.2120389,44.0027572],[-70.2120343,44.0027547],[-70.2120297,44.0027523],[-70.2120251,44.0027499],[-70.2120205,44.0027474],[-70.2120159,44.002745],[-70.2120113,44.0027426],[-70.2120067,44.0027402],[-70.2120021,44.0027377],[-70.2119975,44.0027353],[-70.2119929,44.0027329],[-70.2119883,44.0027304],[-70.2119837,44.002728],[-70.2119791,44.0027256],[-70.2119745,44.0027231],[-70.2119699,44.0027207],[-70.2119653,44.0027183],[-70.2119607,44.0027158],[-70.2119561,44.0027134],[-70.2119515,44.002711],[-70.2119469,44.0027085],[-70.2119423,44.0027061],[-70.2119377,44.0027037],[-70.2119331,44.0027012],[-70.2119285,44.0026988],[-70.2119239,44.0026964],[-70.2119193,44.0026939],[-70.2119147,44.0026915],[-70.2119101,44.0026891],[-70.2119055,44.0026867],[-70.2119009,44.0026842],[-70.2118963,44.0026818],[-70.2118917,44.0026794],[-70.2118871,44.0026769],[-70.2118825,44.0026745],[-70.2118779,44.0026721],[-70.2118733,44.0026696],[-70.2118687,44.0026672],[-70.2118641,44.0026648],[-70.2118595,44.0026623],[-70.2118549,44.0026599],[-70.2118503,44.0026575],[-70.2118457,44.002655],[-70.2118411,44.0026526],[-70.2118444,44.0026492],[-70.2118476,44.0026458],[-70.2118508,44.0026424],[-70.2118541,44.002639],[-70.2118573,44.0026356],[-70.2118606,44.0026322],[-70.2118638,44.0026288],[-70.211867,44.0026254],[-70.2118703,44.002622],[-70.2118735,44.0026186],[-70.2118768,44.0026152],[-70.21188,44.0026119],[-70.2118832,44.0026084],[-70.2118865,44.0026051],[-70.2118897,44.0026017],[-70.211893,44.0025983],[-70.2118962,44.0025949],[-70.2118995,44.0025915],[-70.2119027,44.0025881],[-70.2119059,44.0025847],[-70.2119092,44.0025813],[-70.2119124,44.0025779],[-70.2119157,44.0025745],[-70.2119189,44.0025711],[-70.2119221,44.0025677],[-70.2119254,44.0025643],[-70.2119286,44.0025609],[-70.2119319,44.0025575],[-70.2119351,44.0025541],[-70.2119383,44.0025507],[-70.2119416,44.0025473],[-70.2119448,44.0025439],[-70.2119481,44.0025405],[-70.2119513,44.0025371],[-70.2119546,44.0025337],[-70.2119578,44.0025303],[-70.211961,44.0025269],[-70.2119643,44.0025235],[-70.2119675,44.0025202],[-70.2119708,44.0025168],[-70.211974,44.0025134],[-70.2119772,44.00251],[-70.2119805,44.0025066],[-70.2119837,44.0025032],[-70.211987,44.0024998],[-70.2119902,44.0024964],[-70.2119934,44.002493],[-70.2119967,44.0024896],[-70.2119999,44.0024862],[-70.2120032,44.0024828],[-70.2120064,44.0024794],[-70.2120096,44.002476],[-70.2120129,44.0024726],[-70.2120161,44.0024692],[-70.2120194,44.0024658],[-70.2120226,44.0024624],[-70.2120259,44.002459],[-70.2120291,44.0024556],[-70.2120323,44.0024522],[-70.2120356,44.0024488],[-70.2120388,44.0024454],[-70.212042,44.002442],[-70.2120453,44.0024387],[-70.2120485,44.0024352],[-70.2120518,44.0024319],[-70.212055,44.0024285],[-70.2120582,44.0024251],[-70.2120615,44.0024217],[-70.2120647,44.0024183],[-70.212068,44.0024149],[-70.2120712,44.0024115],[-70.2120745,44.0024081],[-70.2120777,44.0024047],[-70.2120809,44.0024013],[-70.2120842,44.0023979],[-70.2120874,44.0023945],[-70.2120907,44.0023911],[-70.2120939,44.0023877],[-70.2120972,44.0023843],[-70.2121004,44.0023809],[-70.2121036,44.0023775],[-70.2121069,44.0023741],[-70.2121101,44.0023707],[-70.2121133,44.0023673],[-70.2121166,44.0023639],[-70.2121198,44.0023605],[-70.2121231,44.0023571],[-70.2121263,44.0023537],[-70.2121296,44.0023504],[-70.2121328,44.002347],[-70.212136,44.0023436],[-70.2121393,44.0023402],[-70.2121425,44.0023368],[-70.2121458,44.0023334],[-70.212149,44.00233],[-70.2121522,44.0023266],[-70.2121555,44.0023232],[-70.2121587,44.0023198],[-70.212162,44.0023164],[-70.2121652,44.002313],[-70.2121684,44.0023096],[-70.2121717,44.0023062],[-70.2121749,44.0023028],[-70.2121782,44.0022994],[-70.2121814,44.002296],[-70.2121846,44.0022926],[-70.2121879,44.0022892],[-70.2121911,44.0022858],[-70.2121944,44.0022824],[-70.2121976,44.002279],[-70.2122009,44.0022756],[-70.2122041,44.0022722],[-70.2122073,44.0022689],[-70.2122106,44.0022655],[-70.2122138,44.002262],[-70.2122171,44.0022587],[-70.2122203,44.0022553],[-70.2122235,44.0022519],[-70.2122268,44.0022485],[-70.21223,44.0022451],[-70.2122333,44.0022417],[-70.2122365,44.0022383],[-70.2122397,44.0022349],[-70.212243,44.0022315],[-70.2122462,44.0022281],[-70.2122495,44.0022247],[-70.2122527,44.0022213],[-70.2122559,44.0022179],[-70.2122592,44.0022145],[-70.2122624,44.0022111],[-70.2122657,44.0022077],[-70.2122689,44.0022043],[-70.2122722,44.0022009],[-70.2122754,44.0021975],[-70.2122786,44.0021941],[-70.2122819,44.0021907],[-70.2122851,44.0021873],[-70.2122883,44.0021839],[-70.2122916,44.0021805],[-70.2122948,44.0021772],[-70.2122981,44.0021738],[-70.2123013,44.0021704],[-70.2123046,44.002167],[-70.2123078,44.0021636],[-70.212311,44.0021602],[-70.2123143,44.0021568],[-70.2123175,44.0021534],[-70.2123208,44.00215],[-70.212324,44.0021466],[-70.2123272,44.0021432],[-70.2123305,44.0021398],[-70.2123337,44.0021364],[-70.212337,44.002133],[-70.2123402,44.0021296],[-70.2123435,44.0021262],[-70.2123467,44.0021228],[-70.2123499,44.0021194],[-70.2123532,44.002116],[-70.2123564,44.0021126],[-70.2123596,44.0021092],[-70.2123629,44.0021058],[-70.2123661,44.0021024],[-70.2123694,44.002099],[-70.2123726,44.0020957],[-70.2123759,44.0020922],[-70.2123791,44.0020888],[-70.2123823,44.0020855],[-70.2123856,44.0020821],[-70.2123888,44.0020787],[-70.2123921,44.0020753],[-70.2123953,44.0020719],[-70.2123985,44.0020685],[-70.2124018,44.0020651],[-70.212405,44.0020617],[-70.2124083,44.0020583],[-70.2124115,44.0020549],[-70.2124147,44.0020515],[-70.212418,44.0020481],[-70.2124212,44.0020447],[-70.2124245,44.0020413],[-70.2124277,44.0020379],[-70.2124309,44.0020345],[-70.2124342,44.0020311],[-70.2124374,44.0020277],[-70.2124407,44.0020243],[-70.2124439,44.0020209],[-70.2124472,44.0020175],[-70.2124504,44.0020141],[-70.2124536,44.0020107],[-70.2124569,44.0020073],[-70.2124601,44.002004],[-70.2124634,44.0020005],[-70.2124666,44.0019972],[-70.2124698,44.0019938],[-70.2124731,44.0019904],[-70.2124763,44.001987],[-70.2124796,44.0019836],[-70.2124828,44.0019802],[-70.212486,44.0019768],[-70.2124893,44.0019734],[-70.2124925,44.00197],[-70.2124958,44.0019666],[-70.212499,44.0019632],[-70.2125023,44.0019598],[-70.2125055,44.0019564],[-70.2125087,44.001953],[-70.212512,44.0019496],[-70.2125152,44.0019462],[-70.2125185,44.0019428],[-70.2125217,44.0019394],[-70.2125249,44.001936],[-70.2125282,44.0019326],[-70.2125314,44.0019292],[-70.2125347,44.0019258],[-70.2125379,44.0019224],[-70.2125411,44.001919],[-70.2125444,44.0019157],[-70.2125476,44.0019123],[-70.2125509,44.0019089],[-70.2125541,44.0019055],[-70.2125573,44.0019021],[-70.2125606,44.0018987],[-70.2125638,44.0018953],[-70.2125671,44.0018919],[-70.2125703,44.0018885],[-70.2125736,44.0018851],[-70.2125768,44.0018817],[-70.21258,44.0018783],[-70.2125833,44.0018749],[-70.2125865,44.0018715],[-70.2125898,44.0018681],[-70.212593,44.0018647],[-70.2125962,44.0018613],[-70.2125995,44.0018579],[-70.2126027,44.0018545],[-70.2126059,44.0018511],[-70.2126092,44.0018477],[-70.2126124,44.0018443],[-70.2126157,44.0018409],[-70.2126189,44.0018375],[-70.2126222,44.0018342],[-70.2126254,44.0018308],[-70.2126286,44.0018273],[-70.2126319,44.001824],[-70.2126351,44.0018206],[-70.2126384,44.0018172],[-70.2126416,44.0018138],[-70.2126448,44.0018104],[-70.2126481,44.001807],[-70.2126513,44.0018036],[-70.2126546,44.0018002],[-70.2126578,44.0017968],[-70.212661,44.0017934],[-70.2126643,44.00179],[-70.2126675,44.0017866],[-70.2126708,44.0017832],[-70.212674,44.0017798],[-70.2126772,44.0017764],[-70.2126805,44.001773],[-70.2126837,44.0017696],[-70.212687,44.0017662],[-70.2126902,44.0017628],[-70.2126935,44.0017594],[-70.2126967,44.001756],[-70.2126999,44.0017526],[-70.2127032,44.0017492],[-70.2127064,44.0017458],[-70.2127097,44.0017425],[-70.2127129,44.0017391],[-70.2127161,44.0017357],[-70.2127194,44.0017323],[-70.2127226,44.0017289],[-70.2127259,44.0017255],[-70.2127291,44.0017221],[-70.2127323,44.0017187],[-70.2127356,44.0017153],[-70.2127388,44.0017119],[-70.2127421,44.0017085],[-70.2127453,44.0017051],[-70.2127486,44.0017017],[-70.2127518,44.0016983],[-70.212755,44.0016949],[-70.2127583,44.0016915],[-70.2127615,44.0016881],[-70.2127648,44.0016847],[-70.212768,44.0016813],[-70.2127712,44.0016779],[-70.2127745,44.0016745],[-70.2127777,44.0016711],[-70.212781,44.0016677],[-70.2127842,44.0016643],[-70.2127874,44.001661],[-70.2127907,44.0016575],[-70.2127939,44.0016542],[-70.2127972,44.0016508],[-70.2128004,44.0016474],[-70.2128036,44.001644],[-70.2128069,44.0016406],[-70.2128101,44.0016372],[-70.2128134,44.0016338],[-70.2128166,44.0016304],[-70.2128198,44.001627],[-70.2128231,44.0016236],[-70.2128263,44.0016202],[-70.2128296,44.0016168],[-70.2128328,44.0016134],[-70.2128361,44.00161],[-70.2128393,44.0016066],[-70.2128425,44.0016032],[-70.2128458,44.0015998],[-70.212849,44.0015964],[-70.2128522,44.001593],[-70.2128555,44.0015896],[-70.2128587,44.0015862],[-70.212862,44.0015828],[-70.2128652,44.0015794],[-70.2128685,44.001576],[-70.2128717,44.0015726],[-70.2128749,44.0015693],[-70.2128782,44.0015659],[-70.2128814,44.0015625],[-70.2128847,44.0015591],[-70.2128879,44.0015557],[-70.2128911,44.0015523],[-70.2128944,44.0015489],[-70.2128976,44.0015455],[-70.2129009,44.0015421],[-70.2129041,44.0015387],[-70.2129073,44.0015353],[-70.2129106,44.0015319],[-70.2129138,44.0015285],[-70.2129171,44.0015251],[-70.2129203,44.0015217],[-70.2129235,44.0015183],[-70.2129268,44.0015149],[-70.21293,44.0015115],[-70.2129333,44.0015081],[-70.2129365,44.0015047],[-70.2129398,44.0015013],[-70.212943,44.0014979],[-70.2129462,44.0014945],[-70.2129495,44.0014911],[-70.2129527,44.0014878],[-70.212956,44.0014843],[-70.2129592,44.001481],[-70.2129624,44.0014776],[-70.2129657,44.0014742],[-70.2129689,44.0014708],[-70.2129722,44.0014674],[-70.2129754,44.001464],[-70.2129786,44.0014606],[-70.2129819,44.0014572],[-70.2129851,44.0014538],[-70.2129884,44.0014504],[-70.2129916,44.001447],[-70.2129949,44.0014436],[-70.2129981,44.0014402],[-70.2130013,44.0014368],[-70.2130046,44.0014334],[-70.2130078,44.00143],[-70.2130111,44.0014266],[-70.2130143,44.0014232],[-70.2130175,44.0014198],[-70.2130208,44.0014164],[-70.213024,44.001413],[-70.2130272,44.0014096],[-70.2130305,44.0014062],[-70.2130337,44.0014028],[-70.213037,44.0013995],[-70.2130402,44.001396],[-70.2130435,44.0013926],[-70.2130467,44.0013893],[-70.2130499,44.0013859],[-70.2130532,44.0013825],[-70.2130564,44.0013791],[-70.2130597,44.0013757],[-70.2130629,44.0013723],[-70.2130661,44.0013689],[-70.2130694,44.0013655],[-70.2130726,44.0013621],[-70.2130759,44.0013587],[-70.2130791,44.0013553],[-70.2130823,44.0013519],[-70.2130856,44.0013485],[-70.2130888,44.0013451],[-70.2130921,44.0013417],[-70.2130953,44.0013383],[-70.2130985,44.0013349],[-70.2131018,44.0013315],[-70.213105,44.0013281],[-70.2131083,44.0013247],[-70.2131115,44.0013213],[-70.2131148,44.0013179],[-70.213118,44.0013145],[-70.2131212,44.0013111],[-70.2131245,44.0013078],[-70.2131277,44.0013044],[-70.213131,44.001301],[-70.213131,44.001301]]]}},{"type":"Feature","properties":{"name":"1\" iron pipe found (28\" above grade)","desc":"West end of the road frontage. |  | 44.0027313, -70.2156556","style":"mon","folder":"2. Remaining Emerson land (11.215 ac)"},"geometry":{"type":"Point","coordinates":[-70.2156556,44.0027313]}},{"type":"Feature","properties":{"name":"1 1/4\" iron pipe found (29\" above grade)","desc":"NW corner, held for line per deed Bk 215 Pg 89. 2930.8' to a stonewall intersection. |  | 44.0040193, -70.2144266","style":"mon","folder":"2. Remaining Emerson land (11.215 ac)"},"geometry":{"type":"Point","coordinates":[-70.2144266,44.0040193]}},{"type":"Feature","properties":{"name":"Approx. wetland (0.94 ac)","desc":"\"Approx. Wetland Area as observed and located by Surveyor.\" 41,083 sq ft inside the conveyed parcel. Plan note 11 states a wetland delineation was NOT performed &mdash; this is the surveyor's field observation, not a delineated boundary. Confirm before doing anything near it.","style":"wet","folder":"3. Site features (traced from the plan)"},"geometry":{"type":"Polygon","coordinates":[[[-70.2111336,44.0006558],[-70.2111649,44.0007779],[-70.2112374,44.0008494],[-70.2113791,44.0007552],[-70.2114667,44.0007348],[-70.2115364,44.000722],[-70.2116337,44.0007455],[-70.2116551,44.0007586],[-70.21169,44.0008344],[-70.2116693,44.0009655],[-70.2115834,44.0010912],[-70.2114979,44.001165],[-70.2115278,44.0011789],[-70.2116766,44.0012177],[-70.2119049,44.0011381],[-70.2121264,44.0011451],[-70.2122414,44.0011284],[-70.2122674,44.0011106],[-70.2122962,44.0010728],[-70.212238,44.0009404],[-70.2122462,44.0008712],[-70.2121977,44.0008015],[-70.212199,44.0007864],[-70.2121705,44.0007624],[-70.21205,44.0006963],[-70.2120747,44.0006603],[-70.2120095,44.0006326],[-70.2119141,44.0005996],[-70.2117999,44.0005708],[-70.211682,44.0005515],[-70.2115617,44.0005423],[-70.2114559,44.0005425],[-70.2113357,44.0005522],[-70.2112179,44.0005718],[-70.2111029,44.0006001],[-70.2111336,44.0006558]]]}},{"type":"Feature","properties":{"name":"Gravel drive - partial (6,780 sq ft)","desc":"Existing gravel drive shown with the plan's \"edge of gravel\" symbol. Leaves Hobart Road and runs about 408 ft northwest into the conveyed parcel, averaging roughly 17 ft wide. It simply ends on the plan &mdash; the surveyor mapped only what was visible.","style":"drv","folder":"3. Site features (traced from the plan)"},"geometry":{"type":"Polygon","coordinates":[[[-70.2099802,44.0009131],[-70.2100116,44.0009495],[-70.2100067,44.0009566],[-70.2100278,44.0009685],[-70.2100536,44.0009988],[-70.2100507,44.001009],[-70.2100693,44.0010196],[-70.2100978,44.0010524],[-70.2100949,44.0010626],[-70.2101161,44.0010745],[-70.2101439,44.001108],[-70.2101405,44.0011149],[-70.2102113,44.0011678],[-70.2102221,44.0011591],[-70.2102076,44.001173],[-70.2102203,44.0011846],[-70.210404,44.0012944],[-70.2105246,44.0013517],[-70.2105212,44.0013587],[-70.2105527,44.0013824],[-70.210571,44.0014045],[-70.2105653,44.0014161],[-70.2105816,44.0014268],[-70.2105828,44.0014659],[-70.2105724,44.0014767],[-70.2105853,44.0014894],[-70.2105882,44.001525],[-70.2105767,44.0015382],[-70.2105907,44.0015486],[-70.2105935,44.0015881],[-70.2105797,44.0016015],[-70.210594,44.0016096],[-70.2105949,44.0016189],[-70.2106154,44.0016453],[-70.2106106,44.0016534],[-70.2106301,44.0016644],[-70.2106545,44.0016959],[-70.2106505,44.0017084],[-70.2106725,44.0017208],[-70.2106855,44.0017434],[-70.2106512,44.0017172],[-70.2106307,44.0017361],[-70.2106414,44.0017451],[-70.210614,44.0017597],[-70.2105865,44.0017234],[-70.2105921,44.0017158],[-70.2105699,44.0017023],[-70.2105459,44.001669],[-70.2105487,44.0016627],[-70.2105215,44.0016375],[-70.2105198,44.0016095],[-70.2105311,44.0015991],[-70.2105169,44.0015876],[-70.2105146,44.0015514],[-70.2105273,44.0015359],[-70.2105129,44.0015273],[-70.2105092,44.0014873],[-70.2105218,44.0014757],[-70.210509,44.0014679],[-70.2105061,44.0014329],[-70.2105004,44.0014262],[-70.2105056,44.0014208],[-70.2104837,44.0014083],[-70.2104548,44.0013733],[-70.2103494,44.0013246],[-70.2101451,44.0012012],[-70.2101256,44.0011814],[-70.2101299,44.0011749],[-70.2101047,44.0011617],[-70.2100753,44.0011322],[-70.2100792,44.0011236],[-70.2100583,44.0011127],[-70.2100321,44.0010802],[-70.2100358,44.0010705],[-70.2100147,44.0010586],[-70.2099867,44.001024],[-70.2099923,44.0010164],[-70.2099712,44.0010044],[-70.2099445,44.0009736],[-70.2099474,44.0009634],[-70.2099248,44.0009516],[-70.2098977,44.0009181],[-70.2099128,44.0009124],[-70.2099059,44.0009213],[-70.2099264,44.0009338],[-70.2099596,44.0009038],[-70.2099802,44.0009131],[-70.2099802,44.0009131]]]}}]}